-- phpMyAdmin SQL Dump
-- version 5.2.0
-- https://www.phpmyadmin.net/
--
-- Host: 127.0.0.1
-- Generation Time: Jan 07, 2025 at 12:07 AM
-- Server version: 10.4.27-MariaDB
-- PHP Version: 7.4.33

SET SQL_MODE = "NO_AUTO_VALUE_ON_ZERO";
START TRANSACTION;
SET time_zone = "+00:00";


/*!40101 SET @OLD_CHARACTER_SET_CLIENT=@@CHARACTER_SET_CLIENT */;
/*!40101 SET @OLD_CHARACTER_SET_RESULTS=@@CHARACTER_SET_RESULTS */;
/*!40101 SET @OLD_COLLATION_CONNECTION=@@COLLATION_CONNECTION */;
/*!40101 SET NAMES utf8mb4 */;

--
-- Database: `db_healthguide2`
--

-- --------------------------------------------------------

--
-- Table structure for table `admin`
--

CREATE TABLE `admin` (
  `id` int(11) NOT NULL,
  `username` varchar(255) NOT NULL,
  `password` varchar(255) NOT NULL
) ENGINE=InnoDB DEFAULT CHARSET=utf8 COLLATE=utf8_turkish_ci;

--
-- Dumping data for table `admin`
--

INSERT INTO `admin` (`id`, `username`, `password`) VALUES
(1, 'admin', '123');

-- --------------------------------------------------------

--
-- Table structure for table `department`
--

CREATE TABLE `department` (
  `id` int(11) NOT NULL,
  `name` varchar(255) NOT NULL,
  `description` text NOT NULL,
  `examination_price` int(11) NOT NULL
) ENGINE=InnoDB DEFAULT CHARSET=utf8 COLLATE=utf8_turkish_ci;

--
-- Dumping data for table `department`
--

INSERT INTO `department` (`id`, `name`, `description`, `examination_price`) VALUES
(1, 'Dahiliye (İç Hastalıkları) Uzmanı ', 'Genel sağlık durumunuzu değerlendirir. Obezitenin altında yatan nedenleri anlamak için detaylı bir tıbbi öykü alır (beslenme alışkanlıkları, yaşam tarzı, aile öyküsü vb.). Temel kan testleri ve hormon seviyeleri için tetkikler ister. Vücut kitle indeksi (VKİ), bel çevresi ölçümü gibi temel ölçümleri yapar. Gerekli görülürse diğer uzmanlara yönlendirme yapar (endokrinolog, diyetisyen, psikolog vb.).', 750),
(2, 'Diyetisyen / Beslenme Uzmanı', 'Hastaların beslenme alışkanlıklarını analiz eder ve kişiye özel beslenme planı hazırlar. Sağlıklı kilo kaybı ve beslenme eğitimi sağlar.', 1200),
(3, 'Psikiyatrist / Psikolog', 'Yeme bozuklukları, duygusal yeme alışkanlıkları ve stresle başa çıkma konusunda destek verir. Davranış değişiklikleri için terapi uygular.', 750),
(4, 'Sağlık Koçu / Yaşam Koçu', 'Hastaların motivasyonunu yüksek tutar. Sağlıklı yaşam alışkanlıklarının sürdürülmesine yardımcı olur.', 550),
(5, 'Laboratuvar Teknisyenleri', 'Kan testleri ve diğer analiz işlemlerini gerçekleştirir.', 500),
(6, 'Hemşireler', 'Tedavi süreçlerini sürekli takip ve destek sağlar.', 300),
(7, 'Çocuk Endokrinolojisi Uzmanı', 'Çocukluk çağı obezitesi vakalarında tedavi ve takip sağlar. Çocuklarda hormon dengesizliklerini değerlendirir.', 800),
(8, 'Kadın Hastalıkları ve Doğum Uzmanı', 'Obezitenin hormonal dengesizlikler ve doğurganlık üzerindeki etkilerini inceler. Polikistik over sendromu (PCOS) gibi sorunları tedavi eder.', 900),
(9, 'Fizyoterapist', 'Hastaların hareket kabiliyetini artırmak için kişiselleştirilmiş egzersiz programları oluşturur.', 550),
(10, 'Fizik Tedavi ve Rehabilitasyon Uzmanı', 'Egzersiz programlarını planlar. Obeziteye bağlı eklem ve kas problemlerini tedavi eder.\r\n', 800),
(11, 'Genel Cerrah', 'İleri derece obezite durumlarında cerrahi müdahaleleri değerlendirir (örneğin, tüp mide ameliyatı).', 1000),
(12, 'Kardiyolog', 'Obezitenin kalp ve damar sağlığı üzerindeki etkilerini değerlendirir. Hipertansiyon ve diğer kardiyovasküler riskleri yönetir.', 1000),
(13, 'Göğüs Hastalıkları Uzmanı', 'Uyku apnesi ve solunum problemlerini teşhis eder ve tedavi eder.', 1200),
(14, 'Aile Hekimi veya İç Hastalıkları Uzmanı', 'Genel sağlık durumunu izler ve kronik hastalıkları yönetir.', 250),
(15, 'Ortopedi Uzmanı', 'Obeziteye bağlı eklem ve kemik problemlerini (örneğin; diz kireçlenmesi, bel fıtığı) değerlendirir. Gerekli cerrahi müdahaleleri planlar.', 1200),
(16, 'Dermatolog', 'Böbrek sağlığını değerlendirir ve obezitenin böbrek hastalıkları üzerindeki etkilerini takip eder. Yüksek tansiyon ve böbrek yetmezliği risklerini yönetir.', 1500),
(17, 'Gastroenterolog', 'Sindirim sistemi sorunlarını (örneğin; reflü, yağlı karaciğer, sindirim bozuklukları) değerlendirir ve tedavi eder. Cerrahi dışı mide balonu gibi prosedürleri uygular.', 1200),
(18, 'Nöroloji Uzmanı', 'Obezite ile ilişkili uyku apnesi ve sinir sistemi sorunlarını inceler. Sinir sistemi kaynaklı metabolik bozuklukları değerlendirir.', 1000),
(19, 'Endokrinolog', 'Hormonal ve metabolik bozuklukları değerlendirir. Tiroid, insülin direnci ve diyabet gibi obeziteye katkı sağlayan hastalıkları yönetir.', 1200);

-- --------------------------------------------------------

--
-- Table structure for table `doctor`
--

CREATE TABLE `doctor` (
  `id` int(11) NOT NULL,
  `name` varchar(255) NOT NULL,
  `surname` varchar(255) NOT NULL,
  `gender_id` int(11) NOT NULL,
  `department_id` int(11) NOT NULL
) ENGINE=InnoDB DEFAULT CHARSET=utf8 COLLATE=utf8_turkish_ci;

--
-- Dumping data for table `doctor`
--

INSERT INTO `doctor` (`id`, `name`, `surname`, `gender_id`, `department_id`) VALUES
(1, 'Ayşe', 'SEVİNÇ', 2, 1),
(2, 'Orhan', 'SEVEN', 1, 1),
(3, 'Nurgül', 'İNCİ', 2, 1),
(4, 'Oğuz', 'DEDE', 1, 1),
(5, 'Ömer', 'AKPINAR', 1, 6),
(6, 'Özlem', 'IŞIK', 2, 5),
(7, 'Neşe', 'EROĞLU', 2, 3),
(8, 'Yasin', 'AKSEL', 2, 2),
(9, 'Cansu', 'AYHAN', 1, 2),
(10, 'Zeliha', 'DEMİR', 2, 4),
(11, 'Hilal', 'ERASLAN', 2, 8),
(12, 'Nuri', 'AKPINAR', 1, 8),
(13, 'Pınar', 'YAVUZ', 2, 5),
(14, 'Zehra', 'KÜÇÜK', 2, 6),
(15, 'Yunus', 'KAYA', 1, 6),
(16, 'Leyla', 'AKINCI', 2, 6),
(17, 'Hülya', 'ÇETİN', 2, 6),
(18, 'Ezgi', 'AYDOĞAN', 2, 7),
(19, 'Gülay', 'ŞAHİN', 2, 8),
(20, 'İpek', 'GÜNDÜZ', 2, 7),
(21, 'Arif', 'KARAMAN', 1, 2),
(22, 'Fatih', 'KAPLAN', 1, 3),
(23, 'Şenay', 'ERDEN', 2, 3),
(24, 'İbrahim', 'YILDIRIM', 1, 4),
(25, 'Emrah', 'CENGİZ', 1, 5);

-- --------------------------------------------------------

--
-- Table structure for table `examination`
--

CREATE TABLE `examination` (
  `id` int(11) NOT NULL,
  `sick_id` int(11) NOT NULL,
  `doctor_id` int(11) NOT NULL,
  `record_date` date NOT NULL,
  `directed_department_id` int(11) DEFAULT NULL,
  `directed_doctor1` int(11) DEFAULT NULL,
  `directed_doctor2` int(11) DEFAULT NULL
) ENGINE=InnoDB DEFAULT CHARSET=utf8 COLLATE=utf8_general_ci;

--
-- Dumping data for table `examination`
--

INSERT INTO `examination` (`id`, `sick_id`, `doctor_id`, `record_date`, `directed_department_id`, `directed_doctor1`, `directed_doctor2`) VALUES
(1, 1, 2, '2024-02-14', NULL, 21, 18),
(2, 2, 2, '2024-04-07', NULL, 15, NULL),
(3, 3, 1, '2024-08-02', NULL, NULL, NULL),
(4, 4, 2, '2024-08-20', NULL, 13, 14),
(5, 5, 1, '2024-07-02', NULL, 6, 20),
(6, 6, 1, '2024-07-23', NULL, 12, NULL),
(7, 7, 1, '2024-07-16', NULL, 13, 20),
(8, 8, 3, '2024-08-07', NULL, 17, 9),
(9, 9, 4, '2024-06-15', NULL, 17, NULL),
(10, 10, 3, '2024-02-29', NULL, 5, 10),
(11, 11, 3, '2024-06-18', NULL, 17, 14),
(12, 12, 4, '2024-04-17', NULL, NULL, NULL),
(13, 13, 2, '2024-09-22', NULL, 25, 5),
(14, 14, 1, '2024-12-16', NULL, 8, 14),
(15, 15, 4, '2024-02-07', NULL, 14, 14),
(16, 16, 1, '2024-03-17', NULL, 20, NULL),
(17, 17, 3, '2024-09-29', NULL, 19, 12),
(18, 18, 1, '2024-07-22', NULL, 10, 20),
(19, 19, 3, '2024-11-10', NULL, 14, NULL),
(20, 20, 3, '2024-03-21', NULL, 14, 18),
(21, 21, 1, '2024-02-15', NULL, 24, 17),
(22, 22, 2, '2024-08-26', NULL, NULL, NULL),
(23, 23, 3, '2024-08-25', NULL, NULL, NULL),
(24, 24, 3, '2024-04-30', NULL, 9, 24),
(25, 25, 2, '2024-12-30', NULL, 7, NULL),
(26, 26, 1, '2024-10-09', NULL, 12, 8),
(27, 27, 2, '2024-07-02', NULL, NULL, NULL),
(28, 28, 1, '2024-02-09', NULL, 19, 12),
(29, 29, 4, '2024-08-07', NULL, 17, NULL),
(30, 30, 1, '2024-09-27', NULL, NULL, NULL),
(31, 31, 2, '2024-03-27', NULL, NULL, NULL),
(32, 32, 2, '2024-08-23', NULL, 16, 19),
(33, 33, 1, '2024-02-22', NULL, 9, NULL),
(34, 34, 4, '2024-08-15', NULL, 21, 12),
(35, 35, 4, '2024-12-28', NULL, 22, 18),
(36, 36, 2, '2024-10-27', NULL, 13, 11),
(37, 37, 3, '2024-08-11', NULL, 13, NULL),
(38, 38, 2, '2024-12-08', NULL, 17, 19),
(39, 39, 4, '2024-08-14', NULL, 17, 19),
(40, 40, 3, '2024-02-14', NULL, 7, 14),
(41, 41, 1, '2024-12-16', NULL, 24, NULL),
(42, 42, 1, '2024-08-24', NULL, 5, 23),
(43, 43, 2, '2024-04-29', NULL, 22, 24),
(44, 44, 1, '2024-01-15', NULL, 20, 10),
(45, 45, 2, '2024-12-19', NULL, 5, 20),
(46, 46, 2, '2024-04-24', NULL, 20, 6),
(47, 47, 1, '2024-04-18', NULL, 12, NULL),
(48, 48, 2, '2024-06-08', NULL, 5, 23),
(49, 49, 2, '2024-04-30', NULL, NULL, NULL),
(50, 50, 1, '2024-04-02', NULL, 5, 10),
(51, 51, 1, '2024-03-22', NULL, 23, 12),
(52, 52, 4, '2024-08-20', NULL, 5, 19),
(53, 53, 2, '2024-02-14', NULL, NULL, NULL),
(54, 54, 1, '2024-05-08', NULL, 18, 9),
(55, 55, 1, '2024-05-23', NULL, 20, 20),
(56, 56, 1, '2024-12-07', NULL, 7, NULL),
(57, 57, 4, '2024-11-22', NULL, 21, 7),
(58, 58, 4, '2024-11-24', NULL, 5, 25),
(59, 59, 1, '2024-04-15', NULL, 6, NULL),
(60, 60, 1, '2024-09-06', NULL, 6, 10),
(61, 61, 3, '2024-12-19', NULL, 6, 7),
(62, 62, 2, '2024-08-19', NULL, 13, 16),
(63, 63, 3, '2024-08-20', NULL, NULL, NULL),
(64, 64, 3, '2024-09-26', NULL, 23, 14),
(65, 65, 2, '2024-12-29', NULL, 18, NULL),
(66, 66, 1, '2024-07-08', NULL, 19, NULL),
(67, 67, 4, '2024-11-21', NULL, 15, 8),
(68, 68, 3, '2024-04-10', NULL, 11, NULL),
(69, 69, 1, '2024-09-19', NULL, 6, 22),
(70, 70, 3, '2024-06-28', NULL, 16, 5),
(71, 71, 1, '2024-11-10', NULL, 10, NULL),
(72, 72, 1, '2024-05-17', NULL, 10, 15),
(73, 73, 4, '2024-12-22', NULL, 11, 13),
(74, 74, 2, '2024-09-04', NULL, NULL, NULL),
(75, 75, 2, '2024-10-18', NULL, 21, 6),
(76, 76, 4, '2024-11-29', NULL, 18, 7),
(77, 77, 4, '2024-10-29', NULL, 18, NULL),
(78, 78, 4, '2024-06-02', NULL, 24, NULL),
(79, 79, 2, '2024-10-15', NULL, 19, 9),
(80, 80, 4, '2024-10-27', NULL, 25, 21),
(81, 81, 2, '2024-06-03', NULL, 23, 21),
(82, 82, 3, '2024-06-05', NULL, 23, 15),
(83, 83, 2, '2024-02-24', NULL, 8, NULL),
(84, 84, 2, '2024-03-12', NULL, 25, NULL),
(85, 85, 1, '2024-05-28', NULL, NULL, NULL),
(86, 86, 1, '2024-06-27', NULL, 16, 23),
(87, 87, 2, '2024-01-26', NULL, 8, 10),
(88, 88, 4, '2024-04-02', NULL, 7, 22),
(89, 89, 3, '2024-08-13', NULL, 11, NULL),
(90, 90, 4, '2024-01-15', NULL, 20, NULL),
(91, 91, 4, '2024-05-04', NULL, 7, 17),
(92, 92, 2, '2024-06-12', NULL, 12, 24),
(93, 93, 2, '2024-03-19', NULL, 5, 23),
(94, 94, 2, '2024-09-26', NULL, 8, NULL),
(95, 95, 4, '2024-03-04', NULL, 13, 5),
(96, 96, 3, '2024-04-05', NULL, 8, 6),
(97, 97, 4, '2024-12-03', NULL, NULL, NULL),
(98, 98, 1, '2024-03-24', NULL, 6, 14),
(99, 99, 3, '2024-07-09', NULL, 23, 12),
(100, 100, 4, '2024-11-22', NULL, 20, NULL),
(101, 101, 4, '2024-03-11', NULL, 15, 13),
(102, 102, 3, '2024-12-17', NULL, 22, 7),
(103, 103, 3, '2024-10-08', NULL, 16, NULL),
(104, 104, 4, '2024-07-30', NULL, 21, 12),
(105, 105, 1, '2024-03-08', NULL, 18, 13),
(106, 106, 4, '2024-08-29', NULL, 24, 11),
(107, 107, 2, '2024-09-20', NULL, 10, NULL),
(108, 108, 3, '2024-09-24', NULL, 18, 8),
(109, 109, 3, '2024-03-27', NULL, 22, 6),
(110, 110, 4, '2024-06-23', NULL, NULL, NULL),
(111, 111, 3, '2024-05-01', NULL, 18, 17),
(112, 112, 4, '2024-04-21', NULL, 12, NULL),
(113, 113, 1, '2024-03-15', NULL, 20, 25),
(114, 114, 2, '2024-08-12', NULL, NULL, NULL),
(115, 115, 3, '2024-02-01', NULL, 15, 20),
(116, 116, 1, '2024-05-24', NULL, 11, NULL),
(117, 117, 4, '2024-10-25', NULL, 6, NULL),
(118, 118, 2, '2024-09-06', NULL, 24, 19),
(119, 119, 3, '2024-02-15', NULL, 18, 7),
(120, 120, 4, '2024-10-06', NULL, NULL, NULL),
(121, 121, 2, '2024-10-15', NULL, 17, 14),
(122, 122, 3, '2024-12-03', NULL, 5, 20),
(123, 123, 2, '2024-02-23', NULL, 23, NULL),
(124, 124, 2, '2024-10-09', NULL, 13, 19),
(125, 125, 4, '2024-05-18', NULL, 7, NULL),
(126, 126, 4, '2024-03-14', NULL, 23, 20),
(127, 127, 2, '2024-09-09', NULL, NULL, NULL),
(128, 128, 3, '2024-12-30', NULL, 21, NULL),
(129, 129, 1, '2024-12-01', NULL, 23, 15),
(130, 130, 1, '2024-06-08', NULL, 24, 14),
(131, 131, 4, '2024-05-05', NULL, 23, 9),
(132, 132, 3, '2024-09-17', NULL, 24, NULL),
(133, 133, 3, '2024-12-18', NULL, 21, NULL),
(134, 134, 3, '2024-12-12', NULL, 13, 23),
(135, 135, 3, '2024-06-22', NULL, 21, 12),
(136, 136, 1, '2024-09-04', NULL, 15, 15),
(137, 137, 4, '2024-07-27', NULL, 22, NULL),
(138, 138, 3, '2024-10-06', NULL, NULL, NULL),
(139, 139, 1, '2024-09-17', NULL, 9, 12),
(140, 140, 2, '2024-08-19', NULL, 20, 10),
(141, 141, 2, '2024-08-10', NULL, 15, NULL),
(142, 142, 4, '2024-01-29', NULL, 25, 25),
(143, 143, 4, '2024-07-04', NULL, 23, NULL),
(144, 144, 2, '2024-07-21', NULL, 10, 16),
(145, 145, 3, '2024-03-17', NULL, 7, 22),
(146, 146, 2, '2024-03-11', NULL, 17, 21),
(147, 147, 3, '2024-12-26', NULL, 8, NULL),
(148, 148, 4, '2024-01-16', NULL, 21, NULL),
(149, 149, 1, '2024-09-07', NULL, 21, 20),
(150, 150, 2, '2024-09-17', NULL, 25, 22),
(151, 151, 2, '2024-12-27', NULL, NULL, NULL),
(152, 152, 1, '2024-10-27', NULL, 25, 5),
(153, 153, 2, '2024-10-14', NULL, 9, NULL),
(154, 154, 4, '2024-02-01', NULL, NULL, NULL),
(155, 155, 2, '2024-11-13', NULL, NULL, NULL),
(156, 156, 4, '2024-01-04', NULL, 11, 22),
(157, 157, 2, '2024-12-26', NULL, 22, 25),
(158, 158, 2, '2024-07-04', NULL, 9, 17),
(159, 159, 2, '2024-06-03', NULL, 14, NULL),
(160, 160, 4, '2024-02-06', NULL, 22, NULL),
(161, 161, 1, '2024-10-06', NULL, 5, 14),
(162, 162, 4, '2024-12-04', NULL, NULL, NULL),
(163, 163, 2, '2024-10-04', NULL, 13, 25),
(164, 164, 1, '2024-12-16', NULL, 21, 16),
(165, 165, 2, '2024-06-22', NULL, 8, NULL),
(166, 166, 4, '2024-10-14', NULL, 7, 14),
(167, 167, 3, '2024-01-02', NULL, 7, NULL),
(168, 168, 1, '2024-09-28', NULL, 16, 13),
(169, 169, 1, '2024-01-27', NULL, 21, 23),
(170, 170, 1, '2024-01-28', NULL, NULL, NULL),
(171, 171, 3, '2024-05-02', NULL, 9, NULL),
(172, 172, 2, '2024-03-08', NULL, 18, NULL),
(173, 173, 3, '2024-11-10', NULL, 19, 25),
(174, 174, 2, '2024-10-04', NULL, 16, 15),
(175, 175, 1, '2024-06-25', NULL, NULL, NULL),
(176, 176, 4, '2024-06-01', NULL, NULL, NULL),
(177, 177, 1, '2024-08-28', NULL, 23, 5),
(178, 178, 2, '2024-09-20', NULL, 6, NULL),
(179, 179, 4, '2024-02-04', NULL, 14, NULL),
(180, 180, 1, '2024-02-24', NULL, 11, 11),
(181, 181, 4, '2024-11-04', NULL, NULL, NULL),
(182, 182, 4, '2024-07-01', NULL, 11, 18),
(183, 183, 2, '2024-09-19', NULL, 15, 5),
(184, 184, 2, '2024-07-18', NULL, 25, NULL),
(185, 185, 1, '2024-09-09', NULL, 21, 7),
(186, 186, 1, '2024-09-23', NULL, 22, NULL),
(187, 187, 4, '2024-08-11', NULL, 10, 15),
(188, 188, 3, '2024-08-07', NULL, NULL, NULL),
(189, 189, 4, '2024-08-11', NULL, 17, NULL),
(190, 190, 4, '2024-01-10', NULL, 21, 23),
(191, 191, 2, '2024-06-14', NULL, 23, NULL),
(192, 192, 2, '2024-12-24', NULL, 24, 7),
(193, 193, 3, '2024-03-11', NULL, 21, NULL),
(194, 194, 1, '2024-04-28', NULL, 13, NULL),
(195, 195, 1, '2024-09-24', NULL, NULL, NULL),
(196, 196, 2, '2024-09-18', NULL, 6, 23),
(197, 197, 3, '2024-04-06', NULL, 9, 17),
(198, 198, 1, '2024-05-13', NULL, 8, 6),
(199, 199, 3, '2024-08-08', NULL, 8, 6),
(200, 200, 1, '2024-07-10', NULL, 7, NULL),
(201, 201, 3, '2024-01-24', NULL, NULL, NULL),
(202, 202, 2, '2024-08-15', NULL, 14, 23),
(203, 203, 3, '2024-03-18', NULL, 21, 17),
(204, 204, 2, '2024-07-24', NULL, 6, NULL),
(205, 205, 3, '2024-09-12', NULL, NULL, NULL),
(206, 206, 1, '2024-07-27', NULL, 19, 17),
(207, 207, 2, '2024-08-28', NULL, 8, 19),
(208, 208, 4, '2024-01-22', NULL, 7, 20),
(209, 209, 3, '2024-01-16', NULL, 18, 8),
(210, 210, 3, '2024-08-29', NULL, 8, NULL),
(211, 211, 3, '2024-05-14', NULL, NULL, NULL),
(212, 212, 2, '2024-10-18', NULL, 17, 19),
(213, 213, 2, '2024-05-03', NULL, 19, 22),
(214, 214, 3, '2024-01-05', NULL, 14, NULL),
(215, 215, 3, '2024-09-08', NULL, 22, 7),
(216, 216, 1, '2024-06-14', NULL, 16, 10),
(217, 217, 3, '2024-05-01', NULL, 25, NULL),
(218, 218, 4, '2024-03-05', NULL, 25, 23),
(219, 219, 4, '2024-02-13', NULL, 18, 20),
(220, 220, 3, '2024-11-08', NULL, 9, NULL),
(221, 221, 4, '2024-04-18', NULL, 10, 6),
(222, 222, 4, '2024-07-19', NULL, NULL, NULL),
(223, 223, 3, '2024-06-01', NULL, 8, 22),
(224, 224, 3, '2024-04-08', NULL, 20, NULL),
(225, 225, 2, '2024-08-18', NULL, 21, NULL),
(226, 226, 4, '2024-03-29', NULL, 23, 17),
(227, 227, 3, '2024-02-19', NULL, 23, 22),
(228, 228, 2, '2024-01-12', NULL, 10, NULL),
(229, 229, 1, '2024-03-27', NULL, NULL, NULL),
(230, 230, 3, '2024-05-18', NULL, 21, 7),
(231, 231, 1, '2024-08-08', NULL, 14, 9),
(232, 232, 3, '2024-04-03', NULL, 7, NULL),
(233, 233, 2, '2024-07-12', NULL, NULL, NULL),
(234, 234, 3, '2024-01-23', NULL, 8, 21),
(235, 235, 3, '2024-12-23', NULL, 22, NULL),
(236, 236, 4, '2024-02-02', NULL, NULL, NULL),
(237, 237, 3, '2024-11-16', NULL, NULL, NULL),
(238, 238, 2, '2024-03-14', NULL, 11, 11),
(239, 239, 2, '2024-01-07', NULL, 15, 23),
(240, 240, 1, '2024-07-26', NULL, NULL, NULL),
(241, 241, 2, '2024-07-14', NULL, 19, 11),
(242, 242, 1, '2024-10-22', NULL, NULL, NULL),
(243, 243, 3, '2024-01-22', NULL, NULL, NULL),
(244, 244, 2, '2024-04-11', NULL, NULL, NULL),
(245, 245, 3, '2024-05-29', NULL, 12, 5),
(246, 246, 4, '2024-04-18', NULL, 20, NULL),
(247, 247, 1, '2024-11-30', NULL, NULL, NULL),
(248, 248, 2, '2024-07-23', NULL, 22, 7),
(249, 249, 4, '2024-01-24', NULL, 25, 23),
(250, 250, 3, '2024-02-12', NULL, 5, 16),
(251, 251, 3, '2024-08-17', NULL, 19, NULL),
(252, 252, 1, '2024-05-16', NULL, 25, 9),
(253, 253, 1, '2024-06-15', NULL, 19, 17),
(254, 254, 4, '2024-07-23', NULL, 9, NULL),
(255, 255, 4, '2024-06-20', NULL, 9, 16),
(256, 256, 3, '2024-09-08', NULL, 6, 11),
(257, 257, 2, '2024-10-13', NULL, 9, NULL),
(258, 258, 2, '2024-08-29', NULL, 13, 18),
(259, 259, 2, '2024-12-03', NULL, NULL, NULL),
(260, 260, 4, '2024-06-07', NULL, 8, 21),
(261, 261, 3, '2024-07-19', NULL, 14, NULL),
(262, 262, 3, '2024-01-11', NULL, 22, 20),
(263, 263, 1, '2024-06-07', NULL, NULL, NULL),
(264, 264, 2, '2024-11-29', NULL, 18, NULL),
(265, 265, 3, '2024-06-01', NULL, 5, 16),
(266, 266, 3, '2024-10-07', NULL, 22, 17),
(267, 267, 1, '2024-08-06', NULL, 7, NULL),
(268, 268, 2, '2024-12-20', NULL, 10, 9),
(269, 269, 2, '2024-06-19', NULL, 10, 19),
(270, 270, 2, '2024-05-04', NULL, NULL, NULL),
(271, 271, 4, '2024-02-10', NULL, 18, 11),
(272, 272, 1, '2024-07-13', NULL, 13, NULL),
(273, 273, 4, '2024-12-17', NULL, 10, 22),
(274, 274, 1, '2024-11-04', NULL, NULL, NULL),
(275, 275, 1, '2024-09-16', NULL, 14, 7),
(276, 276, 1, '2024-08-18', NULL, 9, NULL),
(277, 277, 3, '2024-11-23', NULL, 22, 11),
(278, 278, 3, '2024-03-03', NULL, NULL, NULL),
(279, 279, 2, '2024-10-01', NULL, 22, 11),
(280, 280, 1, '2024-11-24', NULL, 15, 24),
(281, 281, 4, '2024-01-09', NULL, NULL, NULL),
(282, 282, 2, '2024-07-09', NULL, 9, 15),
(283, 283, 1, '2024-11-20', NULL, 21, NULL),
(284, 284, 2, '2024-02-17', NULL, 22, 24),
(285, 285, 4, '2024-12-16', NULL, 19, 17),
(286, 286, 3, '2024-08-12', NULL, 23, 9),
(287, 287, 2, '2024-12-31', NULL, 7, NULL),
(288, 288, 2, '2024-08-21', NULL, 14, 11),
(289, 289, 4, '2024-08-01', NULL, 23, 21),
(290, 290, 3, '2024-07-22', NULL, NULL, NULL),
(291, 291, 2, '2024-12-20', NULL, 17, NULL),
(292, 292, 2, '2024-05-15', NULL, 24, 9),
(293, 293, 3, '2024-12-28', NULL, 11, 16),
(294, 294, 4, '2024-12-10', NULL, 5, 25),
(295, 295, 2, '2024-04-27', NULL, 19, NULL),
(296, 296, 4, '2024-10-07', NULL, 14, 20),
(297, 297, 1, '2024-08-07', NULL, 17, 11),
(298, 298, 1, '2024-04-17', NULL, 23, NULL),
(299, 299, 3, '2024-08-19', NULL, NULL, NULL),
(300, 300, 2, '2024-12-21', NULL, 24, 17),
(301, 301, 2, '2024-06-02', NULL, 9, 6),
(302, 302, 1, '2024-01-01', NULL, 13, 17),
(303, 303, 3, '2024-04-02', NULL, 7, NULL),
(304, 304, 3, '2024-01-19', NULL, 18, NULL),
(305, 305, 3, '2024-07-24', NULL, 15, 15),
(306, 306, 3, '2024-12-14', NULL, 14, 22),
(307, 307, 2, '2024-02-12', NULL, 12, NULL),
(308, 308, 2, '2024-03-26', NULL, 23, NULL),
(309, 309, 2, '2024-12-10', NULL, NULL, NULL),
(310, 310, 2, '2024-01-12', NULL, 9, 20),
(311, 311, 2, '2024-10-08', NULL, 10, 22),
(312, 312, 1, '2024-02-28', NULL, 22, 19),
(313, 313, 4, '2024-04-16', NULL, 6, NULL),
(314, 314, 3, '2024-12-25', NULL, 19, 20),
(315, 315, 2, '2024-04-16', NULL, 13, NULL),
(316, 316, 2, '2024-07-30', NULL, 18, 12),
(317, 317, 4, '2024-08-28', NULL, 20, NULL),
(318, 318, 2, '2024-05-20', NULL, 13, 14),
(319, 319, 3, '2024-11-23', NULL, 8, NULL),
(320, 320, 4, '2024-10-14', NULL, 10, 16),
(321, 321, 2, '2024-06-04', NULL, NULL, NULL),
(322, 322, 1, '2024-07-26', NULL, 19, 22),
(323, 323, 2, '2024-11-29', NULL, 11, NULL),
(324, 324, 2, '2024-12-18', NULL, 6, 19),
(325, 325, 2, '2024-07-11', NULL, 14, 17),
(326, 326, 2, '2024-11-17', NULL, 5, NULL),
(327, 327, 4, '2024-07-05', NULL, 24, 8),
(328, 328, 4, '2024-07-23', NULL, 13, 5),
(329, 329, 3, '2024-07-06', NULL, 21, NULL),
(330, 330, 1, '2024-01-16', NULL, NULL, NULL),
(331, 331, 2, '2024-11-18', NULL, 8, 11),
(332, 332, 2, '2024-12-18', NULL, 7, 7),
(333, 333, 1, '2024-06-08', NULL, 11, NULL),
(334, 334, 2, '2024-02-19', NULL, 9, 24),
(335, 335, 1, '2024-09-11', NULL, 11, 18),
(336, 336, 1, '2024-09-08', NULL, NULL, NULL),
(337, 337, 1, '2024-09-25', NULL, 6, 19),
(338, 338, 3, '2024-02-12', NULL, 11, NULL),
(339, 339, 1, '2024-02-02', NULL, 8, 20),
(340, 340, 1, '2024-03-19', NULL, 22, 20),
(341, 341, 3, '2024-11-18', NULL, 23, NULL),
(342, 342, 4, '2024-09-28', NULL, 15, 11),
(343, 343, 2, '2024-09-08', NULL, 23, NULL),
(344, 344, 1, '2024-07-12', NULL, NULL, NULL),
(345, 345, 3, '2024-10-11', NULL, 6, 23),
(346, 346, 3, '2024-09-18', NULL, 21, NULL),
(347, 347, 1, '2024-04-23', NULL, 9, 11),
(348, 348, 2, '2024-07-27', NULL, 19, 19),
(349, 349, 4, '2024-05-23', NULL, NULL, NULL),
(350, 350, 3, '2024-03-06', NULL, 21, NULL),
(351, 351, 3, '2024-05-06', NULL, 23, 7),
(352, 352, 2, '2024-02-17', NULL, 14, 25),
(353, 353, 4, '2024-08-03', NULL, 17, NULL),
(354, 354, 2, '2024-09-29', NULL, 6, 8),
(355, 355, 2, '2024-08-21', NULL, 11, 16),
(356, 356, 4, '2024-10-11', NULL, NULL, NULL),
(357, 357, 4, '2024-01-31', NULL, 21, 9),
(358, 358, 2, '2024-10-31', NULL, 10, NULL),
(359, 359, 3, '2024-12-01', NULL, 25, 11),
(360, 360, 3, '2024-05-24', NULL, 6, 25),
(361, 361, 2, '2024-02-17', NULL, 25, NULL),
(362, 362, 1, '2024-01-16', NULL, NULL, NULL),
(363, 363, 2, '2024-05-10', NULL, 5, 23),
(364, 364, 3, '2024-07-06', NULL, 15, 16),
(365, 365, 2, '2024-10-31', NULL, 22, 21),
(366, 366, 4, '2024-07-23', NULL, 19, NULL),
(367, 367, 1, '2024-01-23', NULL, 16, 10),
(368, 368, 1, '2024-01-16', NULL, NULL, NULL),
(369, 369, 1, '2024-02-18', NULL, 14, 10),
(370, 370, 1, '2024-10-24', NULL, 18, NULL),
(371, 371, 1, '2024-02-10', NULL, 13, 6),
(372, 372, 1, '2024-12-28', NULL, 13, 8),
(373, 373, 1, '2024-04-13', NULL, 13, NULL),
(374, 374, 3, '2024-08-01', NULL, 25, 20),
(375, 375, 3, '2024-10-03', NULL, NULL, NULL),
(376, 376, 3, '2024-03-02', NULL, 12, 7),
(377, 377, 1, '2024-09-25', NULL, 15, NULL),
(378, 378, 3, '2024-05-23', NULL, 18, 14),
(379, 379, 1, '2024-08-18', NULL, 13, NULL),
(380, 380, 2, '2024-10-11', NULL, 7, 17),
(381, 381, 3, '2024-09-18', NULL, NULL, NULL),
(382, 382, 1, '2024-03-07', NULL, 25, 21),
(383, 383, 2, '2024-07-11', NULL, 18, NULL),
(384, 384, 3, '2024-04-27', NULL, 19, 14),
(385, 385, 3, '2024-01-11', NULL, 12, NULL),
(386, 386, 1, '2024-05-07', NULL, 6, 14),
(387, 387, 4, '2024-07-23', NULL, 19, 23),
(388, 388, 3, '2024-12-25', NULL, 11, NULL),
(389, 389, 2, '2024-06-29', NULL, 23, 13),
(390, 390, 4, '2024-05-18', NULL, NULL, NULL),
(391, 391, 1, '2024-01-21', NULL, 7, 16),
(392, 392, 2, '2024-10-12', NULL, 5, NULL),
(393, 393, 3, '2024-10-10', NULL, NULL, NULL),
(394, 394, 1, '2024-02-06', NULL, 10, 7),
(395, 395, 3, '2024-01-08', NULL, 6, 13),
(396, 396, 4, '2024-07-07', NULL, 24, NULL),
(397, 397, 1, '2024-03-08', NULL, 25, 23),
(398, 398, 4, '2024-07-24', NULL, 17, 21),
(399, 399, 1, '2024-10-24', NULL, 9, NULL),
(400, 400, 4, '2024-01-14', NULL, 24, 18),
(401, 401, 3, '2024-11-26', NULL, NULL, NULL),
(402, 402, 3, '2024-01-30', NULL, 25, 16),
(403, 403, 2, '2024-09-12', NULL, 24, 7),
(404, 404, 1, '2024-08-29', NULL, 24, NULL),
(405, 405, 3, '2024-05-16', NULL, 6, 19),
(406, 406, 1, '2024-11-13', NULL, 15, 22),
(407, 407, 1, '2024-06-23', NULL, 9, NULL),
(408, 408, 4, '2024-12-08', NULL, 21, 18),
(409, 409, 4, '2024-12-12', NULL, NULL, NULL),
(410, 410, 3, '2024-07-05', NULL, 5, 13),
(411, 411, 2, '2024-11-27', NULL, 8, NULL),
(412, 412, 3, '2024-03-18', NULL, 22, 14),
(413, 413, 3, '2024-07-27', NULL, 20, NULL),
(414, 414, 1, '2024-03-17', NULL, 15, 5),
(415, 415, 4, '2024-10-07', NULL, 20, 16),
(416, 416, 3, '2024-03-21', NULL, NULL, NULL),
(417, 417, 2, '2024-01-05', NULL, 17, 14),
(418, 418, 3, '2024-03-16', NULL, 17, NULL),
(419, 419, 3, '2024-09-20', NULL, 21, 6),
(420, 420, 1, '2024-10-12', NULL, 11, 22),
(421, 421, 3, '2024-02-27', NULL, 17, NULL),
(422, 422, 4, '2024-07-30', NULL, NULL, NULL),
(423, 423, 4, '2024-01-04', NULL, 23, NULL),
(424, 424, 2, '2024-10-08', NULL, 8, NULL),
(425, 425, 1, '2024-01-27', NULL, 23, 7),
(426, 426, 2, '2024-11-09', NULL, 21, 23),
(427, 427, 4, '2024-12-25', NULL, 22, 19),
(428, 428, 3, '2024-07-19', NULL, NULL, NULL),
(429, 429, 3, '2024-10-09', NULL, 18, 25),
(430, 430, 4, '2024-03-17', NULL, 12, 6),
(431, 431, 3, '2024-03-14', NULL, 11, 13),
(432, 432, 1, '2024-02-03', NULL, 12, NULL),
(433, 433, 1, '2024-07-30', NULL, NULL, NULL),
(434, 434, 3, '2024-01-22', NULL, 15, 6),
(435, 435, 4, '2024-06-03', NULL, 11, 23),
(436, 436, 4, '2024-08-01', NULL, 20, NULL),
(437, 437, 4, '2024-03-08', NULL, 8, 9),
(438, 438, 1, '2024-12-26', NULL, 23, NULL),
(439, 439, 2, '2024-02-04', NULL, NULL, NULL),
(440, 440, 3, '2024-06-09', NULL, 11, NULL),
(441, 441, 1, '2024-05-31', NULL, 17, 23),
(442, 442, 3, '2024-06-25', NULL, 14, 20),
(443, 443, 3, '2024-05-21', NULL, 19, 23),
(444, 444, 1, '2024-01-08', NULL, 10, NULL),
(445, 445, 2, '2024-06-15', NULL, 7, 16),
(446, 446, 4, '2024-11-06', NULL, NULL, NULL),
(447, 447, 4, '2024-04-25', NULL, 18, 5),
(448, 448, 3, '2024-01-13', NULL, 17, 13),
(449, 449, 2, '2024-03-25', NULL, 24, NULL),
(450, 450, 4, '2024-07-03', NULL, 13, 11),
(451, 451, 2, '2024-10-02', NULL, 6, 20),
(452, 452, 1, '2024-04-14', NULL, NULL, NULL),
(453, 453, 4, '2024-07-28', NULL, 20, 8),
(454, 454, 2, '2024-12-04', NULL, 15, 9),
(455, 455, 4, '2024-12-09', NULL, 20, NULL),
(456, 456, 2, '2024-01-30', NULL, 6, 9),
(457, 457, 4, '2024-03-01', NULL, 12, 16),
(458, 458, 1, '2024-06-15', NULL, NULL, NULL),
(459, 459, 1, '2024-08-10', NULL, 10, 9),
(460, 460, 1, '2024-03-21', NULL, 6, NULL),
(461, 461, 4, '2024-01-01', NULL, 13, 24),
(462, 462, 4, '2024-06-23', NULL, 19, 9),
(463, 463, 3, '2024-10-29', NULL, 11, 19),
(464, 464, 1, '2024-08-22', NULL, NULL, NULL),
(465, 465, 4, '2024-03-02', NULL, 13, 20),
(466, 466, 3, '2024-09-18', NULL, 16, NULL),
(467, 467, 1, '2024-02-14', NULL, 16, 25),
(468, 468, 4, '2024-10-28', NULL, 13, 20),
(469, 469, 1, '2024-12-14', NULL, 24, 11),
(470, 470, 4, '2024-05-07', NULL, NULL, NULL),
(471, 471, 3, '2024-09-13', NULL, 8, 5),
(472, 472, 3, '2024-11-01', NULL, 13, NULL),
(473, 473, 4, '2024-09-29', NULL, 7, 7),
(474, 474, 4, '2024-11-22', NULL, 11, 17),
(475, 475, 3, '2024-11-23', NULL, NULL, NULL),
(476, 476, 2, '2024-11-11', NULL, 18, 21),
(477, 477, 4, '2024-12-29', NULL, 17, NULL),
(478, 478, 1, '2024-02-06', NULL, NULL, NULL),
(479, 479, 2, '2024-01-03', NULL, 16, 24),
(480, 480, 2, '2024-04-27', NULL, 20, 16),
(481, 481, 3, '2024-11-01', NULL, 15, NULL),
(482, 482, 2, '2024-01-12', NULL, 6, 18),
(483, 483, 2, '2024-02-13', NULL, NULL, NULL),
(484, 484, 1, '2024-09-20', NULL, 14, 5),
(485, 485, 1, '2024-08-03', NULL, 12, 7),
(486, 486, 2, '2024-03-17', NULL, NULL, NULL),
(487, 487, 2, '2024-04-22', NULL, 11, 11),
(488, 488, 3, '2024-07-24', NULL, 6, NULL),
(489, 489, 4, '2024-02-20', NULL, NULL, NULL),
(490, 490, 4, '2024-05-20', NULL, 17, 23),
(491, 491, 3, '2024-11-03', NULL, 15, 7),
(492, 492, 1, '2024-01-13', NULL, 24, NULL),
(493, 493, 4, '2024-09-29', NULL, 23, 17),
(494, 494, 1, '2024-04-03', NULL, NULL, NULL),
(495, 495, 2, '2024-02-02', NULL, 10, 23),
(496, 496, 2, '2024-09-24', NULL, 23, NULL),
(497, 497, 2, '2024-02-29', NULL, 24, 9),
(498, 498, 4, '2024-06-19', NULL, 5, NULL),
(499, 499, 3, '2024-07-19', NULL, 25, NULL),
(500, 500, 4, '2024-08-06', NULL, NULL, NULL),
(501, 501, 3, '2024-11-30', NULL, 9, NULL),
(502, 502, 4, '2024-01-05', NULL, 23, NULL),
(503, 503, 4, '2024-01-02', NULL, NULL, NULL),
(504, 504, 2, '2024-06-18', NULL, 23, NULL),
(505, 505, 3, '2024-10-13', NULL, 23, 7),
(506, 506, 2, '2024-04-04', NULL, 18, NULL),
(507, 507, 4, '2024-03-19', NULL, NULL, NULL),
(508, 508, 3, '2024-10-22', NULL, 13, 18),
(509, 509, 4, '2024-06-30', NULL, 21, NULL),
(510, 510, 2, '2024-01-13', NULL, NULL, NULL),
(511, 511, 4, '2024-04-02', NULL, 14, 5),
(512, 512, 1, '2024-02-29', NULL, 8, NULL),
(513, 513, 2, '2024-05-14', NULL, NULL, NULL),
(514, 514, 2, '2024-02-23', NULL, 5, 18),
(515, 515, 3, '2024-12-11', NULL, 21, 17),
(516, 516, 4, '2024-02-09', NULL, NULL, NULL),
(517, 517, 2, '2024-02-20', NULL, NULL, NULL),
(518, 518, 2, '2024-09-09', NULL, NULL, NULL),
(519, 519, 1, '2024-01-16', NULL, 13, 9),
(520, 520, 2, '2024-07-27', NULL, 21, NULL),
(521, 521, 4, '2024-06-21', NULL, 5, 25),
(522, 522, 2, '2024-10-05', NULL, NULL, NULL),
(523, 523, 3, '2024-02-08', NULL, 9, 20),
(524, 524, 2, '2024-08-19', NULL, NULL, NULL),
(525, 525, 1, '2024-01-14', NULL, 18, 17),
(526, 526, 2, '2024-07-22', NULL, NULL, NULL),
(527, 527, 3, '2024-11-02', NULL, NULL, NULL),
(528, 528, 1, '2024-12-26', NULL, NULL, NULL),
(529, 529, 1, '2024-02-21', NULL, 8, NULL),
(530, 530, 4, '2024-12-04', NULL, 13, 7),
(531, 531, 4, '2024-06-16', NULL, 18, 14),
(532, 532, 3, '2024-10-18', NULL, 5, 12),
(533, 533, 4, '2024-09-15', NULL, NULL, NULL),
(534, 534, 1, '2024-12-18', NULL, NULL, NULL),
(535, 535, 4, '2024-12-21', NULL, 11, NULL),
(536, 536, 2, '2024-02-25', NULL, 11, 5),
(537, 537, 4, '2024-08-12', NULL, 13, NULL),
(538, 538, 2, '2024-12-11', NULL, 7, 7),
(539, 539, 2, '2024-08-30', NULL, NULL, NULL),
(540, 540, 3, '2024-12-07', NULL, NULL, NULL),
(541, 541, 3, '2024-06-18', NULL, NULL, NULL),
(542, 542, 4, '2024-12-11', NULL, 17, 23),
(543, 543, 3, '2024-05-16', NULL, 18, 20),
(544, 544, 4, '2024-10-07', NULL, 5, NULL),
(545, 545, 2, '2024-08-23', NULL, 17, 18),
(546, 546, 3, '2024-08-10', NULL, NULL, NULL),
(547, 547, 1, '2024-12-16', NULL, NULL, NULL),
(548, 548, 4, '2024-12-19', NULL, 14, 11),
(549, 549, 3, '2024-11-19', NULL, 25, NULL),
(550, 550, 4, '2024-01-12', NULL, 6, 15),
(551, 551, 4, '2024-04-25', NULL, 12, 22),
(552, 552, 1, '2024-09-28', NULL, NULL, NULL),
(553, 553, 2, '2024-06-16', NULL, 25, NULL),
(554, 554, 1, '2024-03-11', NULL, 25, 18),
(555, 555, 3, '2024-11-05', NULL, 6, 22),
(556, 556, 2, '2024-02-03', NULL, NULL, NULL),
(557, 557, 2, '2024-07-26', NULL, 5, NULL),
(558, 558, 2, '2024-09-14', NULL, 19, 6),
(559, 559, 3, '2024-11-29', NULL, NULL, NULL),
(560, 560, 1, '2024-12-11', NULL, NULL, NULL),
(561, 561, 1, '2024-06-27', NULL, NULL, NULL),
(562, 562, 1, '2024-01-09', NULL, NULL, NULL),
(563, 563, 3, '2024-05-27', NULL, 13, 9),
(564, 564, 1, '2024-08-03', NULL, 17, NULL),
(565, 565, 4, '2024-05-11', NULL, 9, 9),
(566, 566, 1, '2024-05-01', NULL, 11, 14),
(567, 567, 3, '2024-05-16', NULL, NULL, NULL),
(568, 568, 1, '2024-04-23', NULL, 23, 19),
(569, 569, 3, '2024-05-11', NULL, 12, NULL),
(570, 570, 3, '2024-02-19', NULL, 24, 23),
(571, 571, 4, '2024-07-04', NULL, 24, 16),
(572, 572, 1, '2024-08-17', NULL, NULL, NULL),
(573, 573, 2, '2024-01-22', NULL, 5, NULL),
(574, 574, 3, '2024-06-25', NULL, 23, 9),
(575, 575, 3, '2024-05-29', NULL, 22, 5),
(576, 576, 4, '2024-11-22', NULL, 7, 21),
(577, 577, 4, '2024-02-07', NULL, NULL, NULL),
(578, 578, 4, '2024-07-26', NULL, 25, 12),
(579, 579, 3, '2024-06-04', NULL, 24, NULL),
(580, 580, 4, '2024-06-30', NULL, 17, 9),
(581, 581, 2, '2024-02-06', NULL, 23, NULL),
(582, 582, 1, '2024-02-28', NULL, 6, 9),
(583, 583, 1, '2024-08-25', NULL, NULL, NULL),
(584, 584, 2, '2024-03-31', NULL, 14, 5),
(585, 585, 1, '2024-07-16', NULL, 19, NULL),
(586, 586, 3, '2024-12-03', NULL, 23, 18),
(587, 587, 4, '2024-08-06', NULL, NULL, NULL),
(588, 588, 3, '2024-11-19', NULL, 7, 6),
(589, 589, 4, '2024-01-23', NULL, 14, 18),
(590, 590, 3, '2024-12-14', NULL, 20, 19),
(591, 591, 3, '2024-09-17', NULL, NULL, NULL),
(592, 592, 1, '2024-01-25', NULL, 10, 15),
(593, 593, 3, '2024-07-29', NULL, 17, 6),
(594, 594, 1, '2024-02-15', NULL, 7, NULL),
(595, 595, 4, '2024-12-14', NULL, 17, NULL),
(596, 596, 2, '2024-06-21', NULL, 24, 5),
(597, 597, 3, '2024-09-08', NULL, NULL, NULL),
(598, 598, 1, '2024-11-29', NULL, 25, 18),
(599, 599, 1, '2024-06-16', NULL, 22, NULL),
(600, 600, 4, '2024-03-13', NULL, 15, NULL),
(601, 601, 3, '2024-01-06', NULL, 9, 24),
(602, 602, 4, '2024-08-11', NULL, NULL, NULL),
(603, 603, 1, '2024-10-20', NULL, 19, 13),
(604, 604, 4, '2024-02-01', NULL, 25, NULL),
(605, 605, 4, '2024-12-08', NULL, 22, 21),
(606, 606, 3, '2024-08-21', NULL, NULL, NULL),
(607, 607, 4, '2024-09-06', NULL, 25, NULL),
(608, 608, 4, '2024-08-31', NULL, 10, 14),
(609, 609, 3, '2024-02-21', NULL, 23, 18),
(610, 610, 2, '2024-03-01', NULL, NULL, NULL),
(611, 611, 4, '2024-05-17', NULL, NULL, NULL),
(612, 612, 1, '2024-03-07', NULL, NULL, NULL),
(613, 613, 4, '2024-12-16', NULL, NULL, NULL),
(614, 614, 2, '2024-06-02', NULL, 18, 16),
(615, 615, 4, '2024-11-30', NULL, 10, 18),
(616, 616, 2, '2024-12-25', NULL, 14, NULL),
(617, 617, 4, '2024-10-25', NULL, NULL, NULL),
(618, 618, 4, '2024-06-11', NULL, 22, NULL),
(619, 619, 2, '2024-08-27', NULL, NULL, NULL),
(620, 620, 2, '2024-10-11', NULL, 23, 21),
(621, 621, 4, '2024-10-27', NULL, NULL, NULL),
(622, 622, 4, '2024-07-14', NULL, 9, NULL),
(623, 623, 4, '2024-03-25', NULL, 15, 12),
(624, 624, 3, '2024-06-06', NULL, 9, 6),
(625, 625, 2, '2024-08-05', NULL, NULL, NULL),
(626, 626, 3, '2024-08-23', NULL, NULL, NULL),
(627, 627, 4, '2024-11-20', NULL, 14, 22),
(628, 628, 4, '2024-10-17', NULL, 15, NULL),
(629, 629, 3, '2024-08-30', NULL, 24, 9),
(630, 630, 1, '2024-03-02', NULL, NULL, NULL),
(631, 631, 1, '2024-11-20', NULL, NULL, NULL),
(632, 632, 3, '2024-06-28', NULL, NULL, NULL),
(633, 633, 3, '2024-11-18', NULL, 10, 6),
(634, 634, 4, '2024-07-24', NULL, 15, NULL),
(635, 635, 2, '2024-07-27', NULL, 10, 12),
(636, 636, 3, '2024-05-01', NULL, 24, 20),
(637, 637, 3, '2024-04-06', NULL, NULL, NULL),
(638, 638, 4, '2024-10-26', NULL, NULL, NULL),
(639, 639, 2, '2024-11-11', NULL, NULL, NULL),
(640, 640, 2, '2024-05-17', NULL, 25, 14),
(641, 641, 4, '2024-03-30', NULL, 8, NULL),
(642, 642, 2, '2024-09-27', NULL, 6, 14),
(643, 643, 3, '2024-05-18', NULL, 21, 5),
(644, 644, 2, '2024-04-28', NULL, NULL, NULL),
(645, 645, 1, '2024-12-29', NULL, NULL, NULL),
(646, 646, 1, '2024-10-17', NULL, 16, 10),
(647, 647, 4, '2024-02-09', NULL, 24, NULL),
(648, 648, 3, '2024-08-09', NULL, 8, 14),
(649, 649, 1, '2024-02-28', NULL, NULL, NULL),
(650, 650, 3, '2024-10-18', NULL, NULL, NULL),
(651, 651, 4, '2024-06-03', NULL, 18, NULL),
(652, 652, 1, '2024-10-02', NULL, 21, 23),
(653, 653, 4, '2024-09-09', NULL, 8, 24),
(654, 654, 3, '2024-12-12', NULL, NULL, NULL),
(655, 655, 4, '2024-09-16', NULL, 21, NULL),
(656, 656, 1, '2024-02-24', NULL, 24, 19),
(657, 657, 1, '2024-10-04', NULL, 22, 15),
(658, 658, 2, '2024-11-07', NULL, NULL, NULL),
(659, 659, 1, '2024-10-08', NULL, NULL, NULL),
(660, 660, 3, '2024-06-07', NULL, NULL, NULL),
(661, 661, 2, '2024-08-29', NULL, NULL, NULL),
(662, 662, 1, '2024-12-23', NULL, 15, NULL),
(663, 663, 4, '2024-08-02', NULL, 8, NULL),
(664, 664, 2, '2024-12-10', NULL, 17, 18),
(665, 665, 2, '2024-05-18', NULL, 7, 5),
(666, 666, 3, '2024-02-19', NULL, NULL, NULL),
(667, 667, 4, '2024-04-09', NULL, NULL, NULL),
(668, 668, 1, '2024-08-14', NULL, 11, 12),
(669, 669, 2, '2024-05-08', NULL, 12, 9),
(670, 670, 3, '2024-02-13', NULL, 7, 16),
(671, 671, 4, '2024-07-25', NULL, NULL, NULL),
(672, 672, 3, '2024-04-18', NULL, NULL, NULL),
(673, 673, 2, '2024-07-28', NULL, 8, NULL),
(674, 674, 4, '2024-05-12', NULL, 10, 17),
(675, 675, 1, '2024-12-18', NULL, 25, NULL),
(676, 676, 3, '2024-09-13', NULL, 19, 25),
(677, 677, 3, '2024-01-25', NULL, NULL, NULL),
(678, 678, 1, '2024-02-16', NULL, 25, 16),
(679, 679, 4, '2024-07-04', NULL, 24, NULL),
(680, 680, 4, '2024-02-06', NULL, 18, 9),
(681, 681, 2, '2024-07-28', NULL, 6, 13),
(682, 682, 4, '2024-02-06', NULL, NULL, NULL),
(683, 683, 2, '2024-10-23', NULL, 17, 18),
(684, 684, 3, '2024-03-04', NULL, 23, NULL),
(685, 685, 4, '2024-06-13', NULL, 15, 23),
(686, 686, 2, '2024-12-12', NULL, 24, NULL),
(687, 687, 1, '2024-04-12', NULL, 5, 14),
(688, 688, 4, '2024-01-28', NULL, NULL, NULL),
(689, 689, 4, '2024-08-05', NULL, 6, 14),
(690, 690, 3, '2024-05-16', NULL, 7, NULL),
(691, 691, 1, '2024-09-17', NULL, 7, 12),
(692, 692, 4, '2024-07-17', NULL, 23, 17),
(693, 693, 4, '2024-09-11', NULL, NULL, NULL),
(694, 694, 2, '2024-06-10', NULL, 23, NULL),
(695, 695, 2, '2024-01-12', NULL, 20, 23),
(696, 696, 2, '2024-01-28', NULL, 5, 23),
(697, 697, 3, '2024-07-09', NULL, NULL, NULL),
(698, 698, 3, '2024-09-19', NULL, 11, NULL),
(699, 699, 2, '2024-05-01', NULL, 25, 22),
(700, 700, 4, '2024-12-27', NULL, 6, NULL),
(701, 701, 2, '2024-09-05', NULL, 12, 22),
(702, 702, 3, '2024-01-08', NULL, NULL, NULL),
(703, 703, 4, '2024-04-21', NULL, 14, 8),
(704, 704, 3, '2024-03-13', NULL, 20, NULL),
(705, 705, 3, '2024-12-15', NULL, 19, 11),
(706, 706, 1, '2024-08-27', NULL, NULL, NULL),
(707, 707, 4, '2024-11-05', NULL, 6, 11),
(708, 708, 4, '2024-08-12', NULL, 7, 15),
(709, 709, 4, '2024-05-30', NULL, 15, NULL),
(710, 710, 3, '2024-09-06', NULL, 9, 11),
(711, 711, 4, '2024-11-27', NULL, NULL, NULL),
(712, 712, 4, '2024-09-30', NULL, 16, NULL),
(713, 713, 1, '2024-08-25', NULL, 11, 23),
(714, 714, 3, '2024-09-17', NULL, 7, NULL),
(715, 715, 4, '2024-02-17', NULL, 21, 21),
(716, 716, 3, '2024-01-21', NULL, 21, 20),
(717, 717, 4, '2024-10-04', NULL, 18, NULL),
(718, 718, 4, '2024-08-01', NULL, 24, NULL),
(719, 719, 1, '2024-06-21', NULL, 8, NULL),
(720, 720, 4, '2024-01-19', NULL, 15, 23),
(721, 721, 3, '2024-01-24', NULL, NULL, NULL),
(722, 722, 1, '2024-02-11', NULL, 24, NULL),
(723, 723, 4, '2024-06-04', NULL, 23, 7),
(724, 724, 2, '2024-04-07', NULL, NULL, NULL),
(725, 725, 3, '2024-11-24', NULL, 12, 6),
(726, 726, 2, '2024-07-24', NULL, 18, 6),
(727, 727, 4, '2024-03-10', NULL, 21, 22),
(728, 728, 1, '2024-06-23', NULL, 18, NULL),
(729, 729, 4, '2024-01-27', NULL, 9, 9),
(730, 730, 2, '2024-01-19', NULL, 5, NULL),
(731, 731, 3, '2024-03-27', NULL, 11, 19),
(732, 732, 4, '2024-12-08', NULL, 15, NULL),
(733, 733, 2, '2024-03-06', NULL, 14, 7),
(734, 734, 2, '2024-07-22', NULL, NULL, NULL),
(735, 735, 1, '2024-03-22', NULL, 16, 14),
(736, 736, 1, '2024-10-08', NULL, NULL, NULL),
(737, 737, 3, '2024-09-09', NULL, NULL, NULL),
(738, 738, 3, '2024-12-04', NULL, NULL, NULL),
(739, 739, 2, '2024-03-01', NULL, 23, 18),
(740, 740, 2, '2024-11-22', NULL, 25, 20),
(741, 741, 4, '2024-02-12', NULL, 8, NULL),
(742, 742, 3, '2024-07-29', NULL, NULL, NULL),
(743, 743, 4, '2024-09-22', NULL, 17, 20),
(744, 744, 2, '2024-07-17', NULL, NULL, NULL),
(745, 745, 4, '2024-03-05', NULL, NULL, NULL),
(746, 746, 1, '2024-04-10', NULL, 13, 25),
(747, 747, 1, '2024-06-16', NULL, 13, 11),
(748, 748, 2, '2024-10-21', NULL, NULL, NULL),
(749, 749, 2, '2024-06-30', NULL, 6, 20),
(750, 750, 2, '2024-11-24', NULL, 12, 13),
(751, 751, 3, '2024-09-05', NULL, NULL, NULL),
(752, 752, 3, '2024-06-29', NULL, 24, 14),
(753, 753, 4, '2024-11-06', NULL, 25, NULL),
(754, 754, 4, '2024-03-05', NULL, 15, 11),
(755, 755, 1, '2024-08-24', NULL, NULL, NULL),
(756, 756, 3, '2024-12-22', NULL, 17, 13),
(757, 757, 3, '2024-01-05', NULL, 10, NULL),
(758, 758, 3, '2024-05-29', NULL, 16, 17),
(759, 759, 2, '2024-04-19', NULL, NULL, NULL),
(760, 760, 1, '2024-01-01', NULL, 25, NULL),
(761, 761, 2, '2024-03-16', NULL, 16, 10),
(762, 762, 4, '2024-06-08', NULL, 17, 23),
(763, 763, 3, '2024-01-27', NULL, 25, 10),
(764, 764, 1, '2024-05-26', NULL, NULL, NULL),
(765, 765, 2, '2024-07-22', NULL, 16, NULL),
(766, 766, 3, '2024-10-04', NULL, 16, 18),
(767, 767, 4, '2024-03-23', NULL, 20, NULL),
(768, 768, 1, '2024-06-22', NULL, 8, 15),
(769, 769, 4, '2024-06-18', NULL, NULL, NULL),
(770, 770, 3, '2024-06-30', NULL, NULL, NULL),
(771, 771, 2, '2024-03-30', NULL, 11, 22),
(772, 772, 3, '2024-04-24', NULL, 9, NULL),
(773, 773, 4, '2024-10-03', NULL, 12, 25),
(774, 774, 4, '2024-07-03', NULL, 16, NULL),
(775, 775, 4, '2024-10-03', NULL, 8, 16),
(776, 776, 3, '2024-12-17', NULL, NULL, NULL),
(777, 777, 1, '2024-07-23', NULL, 16, 23),
(778, 778, 1, '2024-09-25', NULL, 25, NULL),
(779, 779, 2, '2024-01-24', NULL, 13, 23),
(780, 780, 2, '2024-07-24', NULL, 9, 25),
(781, 781, 1, '2024-04-16', NULL, NULL, NULL),
(782, 782, 3, '2024-02-18', NULL, 9, NULL),
(783, 783, 4, '2024-08-23', NULL, 18, 8),
(784, 784, 1, '2024-11-09', NULL, 10, NULL),
(785, 785, 4, '2024-04-23', NULL, 22, 20),
(786, 786, 1, '2024-05-14', NULL, NULL, NULL),
(787, 787, 4, '2024-08-15', NULL, NULL, NULL),
(788, 788, 1, '2024-01-01', NULL, 17, 17),
(789, 789, 4, '2024-04-09', NULL, 8, NULL),
(790, 790, 3, '2024-02-04', NULL, 22, 11),
(791, 791, 1, '2024-07-08', NULL, 15, NULL),
(792, 792, 3, '2024-10-15', NULL, 24, 15),
(793, 793, 3, '2024-10-09', NULL, NULL, NULL),
(794, 794, 2, '2024-05-09', NULL, 11, NULL),
(795, 795, 1, '2024-08-02', NULL, 14, NULL),
(796, 796, 2, '2024-10-04', NULL, 6, 17),
(797, 797, 3, '2024-12-01', NULL, 6, NULL),
(798, 798, 1, '2024-03-23', NULL, 10, NULL),
(799, 799, 3, '2024-03-10', NULL, 16, 18),
(800, 800, 2, '2024-08-20', NULL, NULL, NULL),
(801, 801, 3, '2024-03-04', NULL, 20, 20),
(802, 802, 4, '2024-03-02', NULL, 17, NULL),
(803, 803, 2, '2024-07-26', NULL, 17, 9),
(804, 804, 1, '2024-08-17', NULL, NULL, NULL),
(805, 805, 1, '2024-12-04', NULL, 6, 14),
(806, 806, 4, '2024-02-11', NULL, NULL, NULL),
(807, 807, 4, '2024-06-02', NULL, 21, 16),
(808, 808, 3, '2024-10-04', NULL, NULL, NULL),
(809, 809, 2, '2024-11-24', NULL, 6, 25),
(810, 810, 4, '2024-02-02', NULL, 11, NULL),
(811, 811, 1, '2024-02-14', NULL, 7, 18),
(812, 812, 1, '2024-07-07', NULL, NULL, NULL),
(813, 813, 2, '2024-08-20', NULL, 19, 23),
(814, 814, 3, '2024-04-05', NULL, 10, 20),
(815, 815, 4, '2024-09-24', NULL, NULL, NULL),
(816, 816, 3, '2024-05-12', NULL, 18, NULL),
(817, 817, 1, '2024-10-06', NULL, 14, 5),
(818, 818, 1, '2024-05-02', NULL, NULL, NULL),
(819, 819, 2, '2024-07-11', NULL, 16, 12),
(820, 820, 3, '2024-09-17', NULL, 22, NULL),
(821, 821, 2, '2024-01-01', NULL, 10, 6),
(822, 822, 3, '2024-03-23', NULL, NULL, NULL),
(823, 823, 1, '2024-01-23', NULL, 5, 23),
(824, 824, 2, '2024-04-05', NULL, 22, NULL),
(825, 825, 2, '2024-02-02', NULL, 25, 24),
(826, 826, 1, '2024-01-17', NULL, NULL, NULL),
(827, 827, 1, '2024-02-13', NULL, 17, 24),
(828, 828, 2, '2024-04-12', NULL, 21, NULL),
(829, 829, 3, '2024-08-20', NULL, 16, 25),
(830, 830, 3, '2024-07-13', NULL, 19, 7),
(831, 831, 1, '2024-10-03', NULL, NULL, NULL),
(832, 832, 2, '2024-12-19', NULL, NULL, NULL),
(833, 833, 4, '2024-04-02', NULL, 21, NULL),
(834, 834, 4, '2024-12-18', NULL, NULL, 22),
(835, 835, 4, '2024-07-19', NULL, 12, 7),
(836, 836, 4, '2024-05-12', NULL, NULL, NULL),
(837, 837, 3, '2024-08-04', NULL, NULL, NULL),
(838, 838, 4, '2024-01-17', NULL, 7, 13),
(839, 839, 4, '2024-10-06', NULL, 12, 23),
(840, 840, 4, '2024-03-27', NULL, 19, NULL),
(841, 841, 1, '2024-02-15', NULL, 21, NULL),
(842, 842, 3, '2024-11-18', NULL, 9, 13),
(843, 843, 4, '2024-09-15', NULL, NULL, NULL),
(844, 844, 1, '2024-09-07', NULL, NULL, NULL),
(845, 845, 3, '2024-05-08', NULL, NULL, NULL),
(846, 846, 4, '2024-04-24', NULL, 20, NULL),
(847, 847, 2, '2024-04-04', NULL, 22, 22),
(848, 848, 3, '2024-05-18', NULL, NULL, NULL),
(849, 849, 3, '2024-06-02', NULL, NULL, NULL),
(850, 850, 4, '2024-12-02', NULL, NULL, NULL),
(851, 851, 3, '2024-05-13', NULL, 11, NULL),
(852, 852, 2, '2024-12-16', NULL, 19, NULL),
(853, 853, 4, '2024-07-28', NULL, 20, 8),
(854, 854, 2, '2024-08-14', NULL, 18, NULL),
(855, 855, 2, '2024-11-02', NULL, 9, 5),
(856, 856, 2, '2024-12-01', NULL, NULL, NULL),
(857, 857, 4, '2024-05-23', NULL, 20, 21),
(858, 858, 3, '2024-06-08', NULL, 16, NULL),
(859, 859, 3, '2024-11-06', NULL, 24, 12),
(860, 860, 3, '2024-07-01', NULL, 11, NULL),
(861, 861, 2, '2024-06-07', NULL, 12, NULL),
(862, 862, 4, '2024-02-12', NULL, 9, 20),
(863, 863, 2, '2024-06-03', NULL, NULL, NULL),
(864, 864, 2, '2024-11-12', NULL, 18, 13),
(865, 865, 4, '2024-08-20', NULL, 21, NULL),
(866, 866, 3, '2024-03-01', NULL, 5, 23),
(867, 867, 2, '2024-10-11', NULL, NULL, NULL),
(868, 868, 3, '2024-07-05', NULL, 11, NULL),
(869, 869, 1, '2024-09-12', NULL, 20, 24),
(870, 870, 3, '2024-02-17', NULL, NULL, NULL),
(871, 871, 2, '2024-01-07', NULL, 13, NULL),
(872, 872, 3, '2024-09-09', NULL, 19, 16),
(873, 873, 2, '2024-08-18', NULL, 23, NULL),
(874, 874, 2, '2024-09-08', NULL, NULL, NULL),
(875, 875, 4, '2024-04-16', NULL, 25, 17),
(876, 876, 2, '2024-08-01', NULL, 11, NULL),
(877, 877, 3, '2024-07-31', NULL, 10, 11),
(878, 878, 1, '2024-05-30', NULL, NULL, NULL),
(879, 879, 2, '2024-11-05', NULL, 7, NULL),
(880, 880, 1, '2024-05-27', NULL, 5, 6),
(881, 881, 3, '2024-08-04', NULL, 10, 19),
(882, 882, 1, '2024-02-15', NULL, NULL, NULL),
(883, 883, 2, '2024-03-22', NULL, NULL, NULL),
(884, 884, 1, '2024-11-01', NULL, NULL, NULL),
(885, 885, 2, '2024-01-12', NULL, 11, 17),
(886, 886, 4, '2024-02-18', NULL, 25, NULL),
(887, 887, 4, '2024-10-27', NULL, 14, 25),
(888, 888, 1, '2024-04-10', NULL, NULL, NULL),
(889, 889, 2, '2024-06-25', NULL, 14, NULL),
(890, 890, 3, '2024-02-15', NULL, 17, NULL),
(891, 891, 4, '2024-09-13', NULL, 16, 14),
(892, 892, 1, '2024-12-04', NULL, NULL, NULL),
(893, 893, 4, '2024-04-07', NULL, NULL, NULL),
(894, 894, 2, '2024-02-12', NULL, 7, NULL),
(895, 895, 2, '2024-06-24', NULL, 16, 20),
(896, 896, 1, '2024-08-20', NULL, 7, NULL),
(897, 897, 3, '2024-05-05', NULL, 7, 6),
(898, 898, 1, '2024-02-03', NULL, 10, NULL),
(899, 899, 1, '2024-05-08', NULL, NULL, NULL),
(900, 900, 1, '2024-05-27', NULL, NULL, NULL),
(901, 901, 3, '2024-06-29', NULL, NULL, NULL),
(902, 902, 2, '2024-03-29', NULL, 22, 25),
(903, 903, 1, '2024-10-29', NULL, 10, 5),
(904, 904, 4, '2024-06-18', NULL, 18, NULL),
(905, 905, 3, '2024-01-06', NULL, 21, 14),
(906, 906, 1, '2024-08-14', NULL, NULL, NULL),
(907, 907, 1, '2024-04-11', NULL, NULL, NULL),
(908, 908, 4, '2024-01-10', NULL, 17, 23),
(909, 909, 2, '2024-08-05', NULL, 16, NULL),
(910, 910, 4, '2024-11-15', NULL, 10, NULL),
(911, 911, 3, '2024-02-08', NULL, 12, 24),
(912, 912, 1, '2024-10-02', NULL, NULL, NULL),
(913, 913, 3, '2024-07-28', NULL, NULL, NULL),
(914, 914, 4, '2024-02-27', NULL, 25, 10),
(915, 915, 1, '2024-05-18', NULL, 9, NULL),
(916, 916, 1, '2024-01-08', NULL, 6, 25),
(917, 917, 2, '2024-07-25', NULL, NULL, NULL),
(918, 918, 3, '2024-02-28', NULL, 22, 18),
(919, 919, 3, '2024-10-14', NULL, 17, NULL),
(920, 920, 1, '2024-02-07', NULL, 9, 15),
(921, 921, 2, '2024-05-16', NULL, NULL, NULL),
(922, 922, 1, '2024-06-20', NULL, NULL, NULL),
(923, 923, 3, '2024-11-07', NULL, 24, 25),
(924, 924, 3, '2024-02-26', NULL, 13, NULL),
(925, 925, 4, '2024-03-26', NULL, 25, 10),
(926, 926, 4, '2024-03-24', NULL, NULL, NULL),
(927, 927, 2, '2024-06-29', NULL, 15, NULL),
(928, 928, 2, '2024-12-01', NULL, 10, 8),
(929, 929, 3, '2024-08-09', NULL, 9, 10),
(930, 930, 2, '2024-11-12', NULL, NULL, NULL),
(931, 931, 4, '2024-01-14', NULL, 11, NULL),
(932, 932, 4, '2024-10-08', NULL, 15, 5),
(933, 933, 1, '2024-02-05', NULL, NULL, NULL),
(934, 934, 2, '2024-12-27', NULL, NULL, NULL),
(935, 935, 3, '2024-07-04', NULL, 14, 15),
(936, 936, 3, '2024-03-06', NULL, 5, NULL),
(937, 937, 3, '2024-01-23', NULL, 22, 10),
(938, 938, 4, '2024-08-23', NULL, 24, NULL),
(939, 939, 2, '2024-07-02', NULL, 8, 6),
(940, 940, 4, '2024-09-17', NULL, NULL, NULL),
(941, 941, 2, '2024-06-09', NULL, 16, NULL),
(942, 942, 1, '2024-04-11', NULL, 6, 25),
(943, 943, 3, '2024-02-04', NULL, 15, 15),
(944, 944, 3, '2024-04-15', NULL, NULL, NULL),
(945, 945, 3, '2024-07-28', NULL, NULL, NULL),
(946, 946, 2, '2024-02-15', NULL, NULL, NULL),
(947, 947, 4, '2024-08-14', NULL, 23, 7),
(948, 948, 3, '2024-06-14', NULL, 13, NULL),
(949, 949, 4, '2024-12-05', NULL, 10, 21),
(950, 950, 2, '2024-08-31', NULL, 12, 12),
(951, 951, 3, '2024-06-30', NULL, NULL, NULL),
(952, 952, 3, '2024-01-11', NULL, NULL, NULL),
(953, 953, 1, '2024-04-04', NULL, 24, NULL),
(954, 954, 3, '2024-07-25', NULL, 9, 7),
(955, 955, 2, '2024-11-05', NULL, 22, NULL),
(956, 956, 4, '2024-12-17', NULL, 18, 16),
(957, 957, 2, '2024-11-03', NULL, NULL, NULL),
(958, 958, 3, '2024-08-30', NULL, NULL, NULL),
(959, 959, 3, '2024-07-09', NULL, 11, NULL),
(960, 960, 1, '2024-10-13', NULL, 23, 20),
(961, 961, 2, '2024-04-05', NULL, 24, 11),
(962, 962, 1, '2024-01-02', NULL, NULL, NULL),
(963, 963, 2, '2024-11-20', NULL, NULL, NULL),
(964, 964, 4, '2024-09-12', NULL, 8, 21),
(965, 965, 4, '2024-01-29', NULL, 8, NULL),
(966, 966, 1, '2024-01-30', NULL, 16, 24),
(967, 967, 4, '2024-08-23', NULL, NULL, NULL),
(968, 968, 2, '2024-02-03', NULL, NULL, NULL),
(969, 969, 2, '2024-07-05', NULL, 11, 15),
(970, 970, 2, '2024-11-28', NULL, 19, NULL),
(971, 971, 4, '2024-04-13', NULL, 25, 25),
(972, 972, 3, '2024-05-15', NULL, NULL, NULL),
(973, 973, 1, '2024-03-05', NULL, NULL, NULL),
(974, 974, 2, '2024-03-15', NULL, 20, NULL),
(975, 975, 3, '2024-06-29', NULL, 12, NULL),
(976, 976, 2, '2024-10-30', NULL, 24, 9),
(977, 977, 2, '2024-10-02', NULL, 9, 5),
(978, 978, 2, '2024-02-13', NULL, NULL, NULL),
(979, 979, 3, '2024-07-11', NULL, NULL, NULL),
(980, 980, 4, '2024-02-15', NULL, 6, 21),
(981, 981, 2, '2024-06-28', NULL, 7, NULL),
(982, 982, 3, '2024-09-27', NULL, 19, 16),
(983, 983, 3, '2024-10-12', NULL, NULL, NULL),
(984, 984, 1, '2024-06-15', NULL, NULL, NULL),
(985, 985, 2, '2024-07-04', NULL, 15, 24),
(986, 986, 4, '2024-02-04', NULL, 21, NULL),
(987, 987, 2, '2024-05-12', NULL, 10, NULL),
(988, 988, 2, '2024-09-11', NULL, NULL, NULL),
(989, 989, 2, '2024-04-20', NULL, 24, NULL),
(990, 990, 2, '2024-03-31', NULL, 23, 13),
(991, 991, 1, '2024-02-04', NULL, NULL, NULL),
(992, 992, 2, '2024-05-17', NULL, NULL, NULL),
(993, 993, 4, '2024-09-24', NULL, 9, NULL),
(994, 994, 2, '2024-11-14', NULL, 12, 14),
(995, 995, 2, '2024-07-10', NULL, NULL, NULL),
(996, 996, 2, '2024-06-19', NULL, NULL, NULL),
(997, 997, 1, '2024-07-03', NULL, 9, NULL),
(998, 998, 3, '2024-05-23', NULL, 17, NULL),
(999, 999, 1, '2024-08-07', NULL, 24, 11),
(1000, 1000, 3, '2024-10-01', NULL, 18, 24),
(1001, 1001, 1, '2024-10-11', 17, NULL, NULL),
(1002, 1002, 1, '2024-07-07', 12, NULL, NULL),
(1003, 1003, 2, '2024-03-05', 9, NULL, NULL),
(1004, 1004, 2, '2024-04-27', 12, NULL, NULL),
(1005, 1005, 3, '2024-05-14', 15, NULL, NULL),
(1006, 1006, 3, '2024-06-21', 11, NULL, NULL),
(1007, 1007, 3, '2024-01-13', 9, NULL, NULL),
(1008, 1008, 1, '2024-10-12', 12, NULL, NULL),
(1009, 1009, 2, '2024-04-07', 14, NULL, NULL),
(1010, 1010, 1, '2024-02-11', 15, NULL, NULL),
(1011, 1011, 1, '2024-04-26', 18, NULL, NULL),
(1012, 1012, 4, '2024-09-12', 19, NULL, NULL),
(1013, 1013, 3, '2024-01-22', 15, NULL, NULL),
(1014, 1014, 1, '2024-01-24', 19, NULL, NULL),
(1015, 1015, 4, '2024-08-17', 10, NULL, NULL),
(1016, 1016, 3, '2024-12-07', 11, NULL, NULL),
(1017, 1017, 4, '2024-11-20', 14, NULL, NULL),
(1018, 1018, 1, '2024-09-12', 15, NULL, NULL),
(1019, 1019, 2, '2024-04-18', 9, NULL, NULL),
(1020, 1020, 2, '2024-05-25', 19, NULL, NULL),
(1021, 1021, 2, '2024-03-16', 19, NULL, NULL),
(1022, 1022, 3, '2024-09-11', 15, NULL, NULL),
(1023, 1023, 3, '2024-02-19', 10, NULL, NULL),
(1024, 1024, 3, '2024-07-30', 11, NULL, NULL),
(1025, 1025, 3, '2024-07-03', 16, NULL, NULL),
(1026, 1026, 2, '2024-03-05', 18, NULL, NULL),
(1027, 1027, 2, '2024-12-17', 17, NULL, NULL),
(1028, 1028, 1, '2024-06-19', 10, NULL, NULL),
(1029, 1029, 1, '2024-02-20', 18, NULL, NULL),
(1030, 1030, 3, '2024-10-13', 15, NULL, NULL),
(1031, 1031, 2, '2024-02-04', 10, NULL, NULL),
(1032, 1032, 2, '2024-09-26', 10, NULL, NULL),
(1033, 1033, 1, '2024-07-05', 13, NULL, NULL),
(1034, 1034, 3, '2024-02-13', 18, NULL, NULL),
(1035, 1035, 2, '2024-09-03', 9, NULL, NULL),
(1036, 1036, 1, '2024-11-26', 15, NULL, NULL),
(1037, 1037, 1, '2024-09-11', 16, NULL, NULL),
(1038, 1038, 3, '2024-04-03', 9, NULL, NULL),
(1039, 1039, 2, '2024-01-26', 9, NULL, NULL),
(1040, 1040, 2, '2024-01-08', 18, NULL, NULL),
(1041, 1041, 3, '2024-05-18', 19, NULL, NULL),
(1042, 1042, 1, '2024-09-03', 11, NULL, NULL),
(1043, 1043, 4, '2024-08-21', 19, NULL, NULL),
(1044, 1044, 2, '2024-04-07', 16, NULL, NULL),
(1045, 1045, 1, '2024-07-20', 11, NULL, NULL),
(1046, 1046, 3, '2024-04-30', 15, NULL, NULL),
(1047, 1047, 1, '2024-03-04', 11, NULL, NULL),
(1048, 1048, 3, '2024-04-06', 14, NULL, NULL),
(1049, 1049, 2, '2024-04-10', 13, NULL, NULL),
(1050, 1050, 1, '2024-10-02', 15, NULL, NULL),
(1051, 1051, 4, '2024-02-03', 18, NULL, NULL),
(1052, 1052, 1, '2024-09-24', 17, NULL, NULL),
(1053, 1053, 4, '2024-05-26', 15, NULL, NULL),
(1054, 1054, 2, '2024-10-22', 13, NULL, NULL),
(1055, 1055, 3, '2024-01-11', 18, NULL, NULL),
(1056, 1056, 4, '2024-09-20', 9, NULL, NULL),
(1057, 1057, 1, '2024-05-03', 19, NULL, NULL),
(1058, 1058, 3, '2024-01-04', 10, NULL, NULL),
(1059, 1059, 3, '2024-03-20', 11, NULL, NULL),
(1060, 1060, 2, '2024-01-17', 11, NULL, NULL),
(1061, 1061, 4, '2024-08-25', 16, NULL, NULL),
(1062, 1062, 2, '2024-11-13', 12, NULL, NULL),
(1063, 1063, 3, '2024-05-30', 13, NULL, NULL),
(1064, 1064, 2, '2024-11-25', 16, NULL, NULL),
(1065, 1065, 1, '2024-05-02', 19, NULL, NULL),
(1066, 1066, 4, '2024-11-04', 18, NULL, NULL),
(1067, 1067, 3, '2024-10-28', 19, NULL, NULL),
(1068, 1068, 1, '2024-04-02', 11, NULL, NULL),
(1069, 1069, 4, '2024-02-04', 15, NULL, NULL),
(1070, 1070, 3, '2024-01-09', 16, NULL, NULL),
(1071, 1071, 1, '2024-11-04', 17, NULL, NULL),
(1072, 1072, 3, '2024-11-08', 14, NULL, NULL),
(1073, 1073, 3, '2024-06-16', 9, NULL, NULL),
(1074, 1074, 2, '2024-01-05', 18, NULL, NULL),
(1075, 1075, 1, '2024-12-04', 14, NULL, NULL),
(1076, 1076, 1, '2024-10-08', 15, NULL, NULL),
(1077, 1077, 2, '2024-11-22', 16, NULL, NULL),
(1078, 1078, 1, '2024-05-20', 19, NULL, NULL),
(1079, 1079, 1, '2024-02-05', 9, NULL, NULL),
(1080, 1080, 4, '2024-10-31', 9, NULL, NULL),
(1081, 1081, 4, '2024-10-21', 18, NULL, NULL),
(1082, 1082, 3, '2024-07-27', 15, NULL, NULL),
(1083, 1083, 4, '2024-01-11', 10, NULL, NULL),
(1084, 1084, 1, '2024-01-11', 18, NULL, NULL),
(1085, 1085, 1, '2024-10-15', 19, NULL, NULL),
(1086, 1086, 3, '2024-02-22', 12, NULL, NULL),
(1087, 1087, 1, '2024-04-07', 13, NULL, NULL),
(1088, 1088, 4, '2024-08-09', 12, NULL, NULL),
(1089, 1089, 1, '2024-07-01', 12, NULL, NULL),
(1090, 1090, 3, '2024-04-17', 18, NULL, NULL),
(1091, 1091, 3, '2024-10-06', 9, NULL, NULL),
(1092, 1092, 2, '2024-01-14', 17, NULL, NULL),
(1093, 1093, 4, '2024-11-08', 11, NULL, NULL),
(1094, 1094, 1, '2024-08-29', 11, NULL, NULL),
(1095, 1095, 1, '2024-07-14', 13, NULL, NULL),
(1096, 1096, 2, '2024-01-17', 14, NULL, NULL),
(1097, 1097, 2, '2024-07-02', 11, NULL, NULL),
(1098, 1098, 3, '2024-10-13', 17, NULL, NULL),
(1099, 1099, 2, '2024-06-25', 14, NULL, NULL),
(1100, 1100, 4, '2024-04-05', 19, NULL, NULL),
(1101, 1101, 1, '2024-09-14', 14, NULL, NULL),
(1102, 1102, 2, '2024-12-20', 14, NULL, NULL),
(1103, 1103, 2, '2024-10-16', 14, NULL, NULL),
(1104, 1104, 3, '2024-05-19', 14, NULL, NULL),
(1105, 1105, 4, '2024-02-24', 16, NULL, NULL),
(1106, 1106, 4, '2024-03-20', 9, NULL, NULL),
(1107, 1107, 4, '2024-12-16', 13, NULL, NULL),
(1108, 1108, 2, '2024-09-15', 16, NULL, NULL),
(1109, 1109, 3, '2024-05-19', 15, NULL, NULL),
(1110, 1110, 1, '2024-05-08', 11, NULL, NULL),
(1111, 1111, 2, '2024-11-15', 10, NULL, NULL),
(1112, 1112, 1, '2024-08-03', 14, NULL, NULL),
(1113, 1113, 1, '2024-02-20', 15, NULL, NULL),
(1114, 1114, 4, '2024-12-24', 18, NULL, NULL),
(1115, 1115, 3, '2024-08-31', 11, NULL, NULL),
(1116, 1116, 2, '2024-09-24', 9, NULL, NULL),
(1117, 1117, 3, '2024-08-02', 9, NULL, NULL),
(1118, 1118, 1, '2024-08-01', 13, NULL, NULL),
(1119, 1119, 2, '2024-08-13', 17, NULL, NULL),
(1120, 1120, 1, '2024-12-22', 9, NULL, NULL),
(1121, 1121, 1, '2024-06-03', 11, NULL, NULL),
(1122, 1122, 3, '2024-02-17', 16, NULL, NULL),
(1123, 1123, 2, '2024-02-12', 12, NULL, NULL),
(1124, 1124, 2, '2024-09-06', 15, NULL, NULL),
(1125, 1125, 3, '2024-09-17', 13, NULL, NULL),
(1126, 1126, 3, '2024-09-26', 11, NULL, NULL),
(1127, 1127, 2, '2024-11-03', 15, NULL, NULL),
(1128, 1128, 1, '2024-05-09', 17, NULL, NULL),
(1129, 1129, 3, '2024-12-07', 18, NULL, NULL),
(1130, 1130, 4, '2024-08-17', 16, NULL, NULL),
(1131, 1131, 1, '2024-08-25', 9, NULL, NULL),
(1132, 1132, 4, '2024-02-12', 12, NULL, NULL),
(1133, 1133, 2, '2024-04-29', 10, NULL, NULL),
(1134, 1134, 3, '2024-05-16', 15, NULL, NULL),
(1135, 1135, 3, '2024-12-31', 12, NULL, NULL),
(1136, 1136, 4, '2024-02-05', 19, NULL, NULL),
(1137, 1137, 2, '2024-03-25', 12, NULL, NULL),
(1138, 1138, 1, '2024-12-21', 11, NULL, NULL),
(1139, 1139, 4, '2024-06-15', 14, NULL, NULL),
(1140, 1140, 4, '2024-07-02', 17, NULL, NULL),
(1141, 1141, 4, '2024-09-16', 18, NULL, NULL),
(1142, 1142, 3, '2024-03-25', 17, NULL, NULL),
(1143, 1143, 2, '2024-11-23', 16, NULL, NULL),
(1144, 1144, 1, '2024-07-17', 18, NULL, NULL),
(1145, 1145, 4, '2024-02-26', 10, NULL, NULL),
(1146, 1146, 3, '2024-01-30', 12, NULL, NULL),
(1147, 1147, 2, '2024-07-24', 19, NULL, NULL),
(1148, 1148, 2, '2024-10-18', 9, NULL, NULL),
(1149, 1149, 3, '2024-11-19', 15, NULL, NULL),
(1150, 1150, 4, '2024-06-11', 14, NULL, NULL),
(1151, 1151, 1, '2024-09-20', 18, NULL, NULL),
(1152, 1152, 4, '2024-04-01', 16, NULL, NULL),
(1153, 1153, 1, '2024-07-31', 11, NULL, NULL),
(1154, 1154, 3, '2024-03-18', 16, NULL, NULL),
(1155, 1155, 2, '2024-06-12', 17, NULL, NULL),
(1156, 1156, 4, '2024-01-04', 9, NULL, NULL),
(1157, 1157, 2, '2024-08-01', 18, NULL, NULL),
(1158, 1158, 3, '2024-04-04', 9, NULL, NULL),
(1159, 1159, 4, '2024-06-05', 17, NULL, NULL),
(1160, 1160, 3, '2024-12-23', 9, NULL, NULL),
(1161, 1161, 2, '2024-01-04', 18, NULL, NULL),
(1162, 1162, 1, '2024-08-08', 13, NULL, NULL),
(1163, 1163, 4, '2024-09-22', 12, NULL, NULL),
(1164, 1164, 2, '2024-05-24', 11, NULL, NULL),
(1165, 1165, 2, '2024-04-15', 19, NULL, NULL),
(1166, 1166, 1, '2024-08-19', 9, NULL, NULL),
(1167, 1167, 2, '2024-02-14', 15, NULL, NULL),
(1168, 1168, 3, '2024-09-30', 13, NULL, NULL),
(1169, 1169, 4, '2024-01-15', 11, NULL, NULL),
(1170, 1170, 3, '2024-10-18', 10, NULL, NULL),
(1171, 1171, 1, '2024-10-27', 18, NULL, NULL),
(1172, 1172, 2, '2024-12-16', 15, NULL, NULL),
(1173, 1173, 4, '2024-11-14', 12, NULL, NULL),
(1174, 1174, 1, '2024-12-31', 18, NULL, NULL),
(1175, 1175, 4, '2024-07-07', 14, NULL, NULL);
INSERT INTO `examination` (`id`, `sick_id`, `doctor_id`, `record_date`, `directed_department_id`, `directed_doctor1`, `directed_doctor2`) VALUES
(1176, 1176, 1, '2024-05-22', 14, NULL, NULL),
(1177, 1177, 4, '2024-05-24', 14, NULL, NULL),
(1178, 1178, 3, '2024-06-19', 14, NULL, NULL),
(1179, 1179, 4, '2024-01-19', 12, NULL, NULL),
(1180, 1180, 2, '2024-08-02', 12, NULL, NULL),
(1181, 1181, 3, '2024-04-08', 10, NULL, NULL),
(1182, 1182, 4, '2024-08-16', 14, NULL, NULL),
(1183, 1183, 1, '2024-02-07', 16, NULL, NULL),
(1184, 1184, 4, '2024-04-07', 15, NULL, NULL),
(1185, 1185, 2, '2024-02-26', 12, NULL, NULL),
(1186, 1186, 2, '2024-09-02', 14, NULL, NULL),
(1187, 1187, 1, '2024-03-31', 12, NULL, NULL),
(1188, 1188, 2, '2024-09-16', 11, NULL, NULL),
(1189, 1189, 3, '2024-01-13', 13, NULL, NULL),
(1190, 1190, 4, '2024-08-21', 19, NULL, NULL),
(1191, 1191, 4, '2024-05-04', 19, NULL, NULL),
(1192, 1192, 4, '2024-10-30', 10, NULL, NULL),
(1193, 1193, 1, '2024-11-02', 16, NULL, NULL),
(1194, 1194, 4, '2024-11-13', 18, NULL, NULL),
(1195, 1195, 2, '2024-05-20', 17, NULL, NULL),
(1196, 1196, 1, '2024-08-06', 18, NULL, NULL),
(1197, 1197, 2, '2024-03-13', 18, NULL, NULL),
(1198, 1198, 1, '2024-05-09', 16, NULL, NULL),
(1199, 1199, 4, '2024-08-14', 9, NULL, NULL),
(1200, 1200, 4, '2024-11-10', 9, NULL, NULL),
(1201, 1201, 3, '2024-08-26', 12, NULL, NULL),
(1202, 1202, 4, '2024-09-11', 11, NULL, NULL),
(1203, 1203, 3, '2024-03-08', 19, NULL, NULL),
(1204, 1204, 4, '2024-08-19', 9, NULL, NULL),
(1205, 1205, 4, '2024-07-24', 17, NULL, NULL),
(1206, 1206, 2, '2024-12-30', 9, NULL, NULL),
(1207, 1207, 1, '2024-11-06', 13, NULL, NULL),
(1208, 1208, 1, '2024-10-29', 14, NULL, NULL),
(1209, 1209, 4, '2024-09-23', 12, NULL, NULL),
(1210, 1210, 4, '2024-05-20', 10, NULL, NULL),
(1211, 1211, 2, '2024-11-09', 14, NULL, NULL),
(1212, 1212, 1, '2024-08-30', 12, NULL, NULL),
(1213, 1213, 3, '2024-11-25', 10, NULL, NULL),
(1214, 1214, 3, '2024-11-26', 15, NULL, NULL),
(1215, 1215, 3, '2024-09-02', 9, NULL, NULL),
(1216, 1216, 1, '2024-01-29', 12, NULL, NULL),
(1217, 1217, 2, '2024-05-21', 18, NULL, NULL),
(1218, 1218, 3, '2024-05-25', 17, NULL, NULL),
(1219, 1219, 2, '2024-02-21', 13, NULL, NULL),
(1220, 1220, 3, '2024-03-10', 18, NULL, NULL),
(1221, 1221, 2, '2024-04-29', 15, NULL, NULL),
(1222, 1222, 2, '2024-01-07', 9, NULL, NULL),
(1223, 1223, 1, '2024-09-29', 16, NULL, NULL),
(1224, 1224, 1, '2024-01-13', 19, NULL, NULL),
(1225, 1225, 2, '2024-08-02', 13, NULL, NULL),
(1226, 1226, 4, '2024-08-28', 18, NULL, NULL),
(1227, 1227, 4, '2024-12-09', 13, NULL, NULL),
(1228, 1228, 2, '2024-08-18', 9, NULL, NULL),
(1229, 1229, 2, '2024-11-28', 16, NULL, NULL),
(1230, 1230, 1, '2024-08-07', 11, NULL, NULL),
(1231, 1231, 2, '2024-10-28', 9, NULL, NULL),
(1232, 1232, 3, '2024-11-30', 16, NULL, NULL),
(1233, 1233, 2, '2024-04-23', 14, NULL, NULL),
(1234, 1234, 4, '2024-12-15', 13, NULL, NULL),
(1235, 1235, 3, '2024-03-24', 19, NULL, NULL),
(1236, 1236, 4, '2024-12-13', 12, NULL, NULL),
(1237, 1237, 4, '2024-03-20', 10, NULL, NULL),
(1238, 1238, 3, '2024-04-09', 15, NULL, NULL),
(1239, 1239, 3, '2024-03-06', 12, NULL, NULL),
(1240, 1240, 3, '2024-09-01', 12, NULL, NULL),
(1241, 1241, 2, '2024-05-16', 17, NULL, NULL),
(1242, 1242, 3, '2024-12-15', 13, NULL, NULL),
(1243, 1243, 2, '2024-02-08', 18, NULL, NULL),
(1244, 1244, 1, '2024-01-28', 12, NULL, NULL),
(1245, 1245, 2, '2024-04-25', 9, NULL, NULL),
(1246, 1246, 1, '2024-04-29', 12, NULL, NULL),
(1247, 1247, 4, '2024-02-14', 11, NULL, NULL),
(1248, 1248, 2, '2024-08-08', 12, NULL, NULL),
(1249, 1249, 3, '2024-07-03', 11, NULL, NULL),
(1250, 1250, 4, '2024-03-25', 11, NULL, NULL),
(1251, 1251, 3, '2024-03-03', 9, NULL, NULL),
(1252, 1252, 4, '2024-06-14', 18, NULL, NULL),
(1253, 1253, 1, '2024-03-23', 13, NULL, NULL),
(1254, 1254, 2, '2024-12-18', 18, NULL, NULL),
(1255, 1255, 2, '2024-04-17', 18, NULL, NULL),
(1256, 1256, 4, '2024-10-20', 13, NULL, NULL),
(1257, 1257, 3, '2024-12-02', 14, NULL, NULL),
(1258, 1258, 1, '2024-09-06', 13, NULL, NULL),
(1259, 1259, 2, '2024-05-09', 17, NULL, NULL),
(1260, 1260, 1, '2024-04-18', 15, NULL, NULL),
(1261, 1261, 1, '2024-09-17', 9, NULL, NULL),
(1262, 1262, 2, '2024-05-11', 17, NULL, NULL),
(1263, 1263, 2, '2024-03-04', 14, NULL, NULL),
(1264, 1264, 1, '2024-09-01', 12, NULL, NULL),
(1265, 1265, 4, '2024-06-23', 9, NULL, NULL),
(1266, 1266, 1, '2024-05-26', 15, NULL, NULL),
(1267, 1267, 3, '2024-07-16', 10, NULL, NULL),
(1268, 1268, 4, '2024-08-14', 11, NULL, NULL),
(1269, 1269, 4, '2024-01-26', 19, NULL, NULL),
(1270, 1270, 4, '2024-01-11', 14, NULL, NULL),
(1271, 1271, 4, '2024-03-26', 14, NULL, NULL),
(1272, 1272, 2, '2024-07-24', 9, NULL, NULL),
(1273, 1273, 2, '2024-11-18', 13, NULL, NULL),
(1274, 1274, 1, '2024-06-08', 14, NULL, NULL),
(1275, 1275, 1, '2024-09-11', 9, NULL, NULL),
(1276, 1276, 4, '2024-12-06', 12, NULL, NULL),
(1277, 1277, 4, '2024-05-28', 19, NULL, NULL),
(1278, 1278, 2, '2024-03-21', 10, NULL, NULL),
(1279, 1279, 4, '2024-03-26', 15, NULL, NULL),
(1280, 1280, 3, '2024-01-04', 11, NULL, NULL),
(1281, 1281, 2, '2024-11-06', 13, NULL, NULL),
(1282, 1282, 3, '2024-11-10', 14, NULL, NULL),
(1283, 1283, 3, '2024-10-13', 12, NULL, NULL),
(1284, 1284, 1, '2024-06-05', 17, NULL, NULL),
(1285, 1285, 3, '2024-12-10', 13, NULL, NULL),
(1286, 1286, 1, '2024-02-05', 9, NULL, NULL),
(1287, 1287, 4, '2024-05-16', 11, NULL, NULL),
(1288, 1288, 2, '2024-08-04', 12, NULL, NULL),
(1289, 1289, 2, '2024-06-21', 13, NULL, NULL),
(1290, 1290, 4, '2024-09-23', 18, NULL, NULL),
(1291, 1291, 2, '2024-10-29', 11, NULL, NULL),
(1292, 1292, 4, '2024-01-30', 18, NULL, NULL),
(1293, 1293, 1, '2024-01-31', 13, NULL, NULL),
(1294, 1294, 3, '2024-12-10', 14, NULL, NULL),
(1295, 1295, 4, '2024-01-16', 19, NULL, NULL),
(1296, 1296, 2, '2024-12-02', 12, NULL, NULL),
(1297, 1297, 1, '2024-06-12', 15, NULL, NULL),
(1298, 1298, 4, '2024-03-30', 18, NULL, NULL),
(1299, 1299, 3, '2024-09-10', 14, NULL, NULL),
(1300, 1300, 2, '2024-10-21', 9, NULL, NULL),
(1301, 1301, 4, '2024-08-21', 14, NULL, NULL),
(1302, 1302, 3, '2024-10-17', 17, NULL, NULL),
(1303, 1303, 2, '2024-03-21', 17, NULL, NULL),
(1304, 1304, 3, '2024-07-07', 17, NULL, NULL),
(1305, 1305, 1, '2024-03-09', 9, NULL, NULL),
(1306, 1306, 3, '2024-02-16', 14, NULL, NULL),
(1307, 1307, 4, '2024-01-08', 14, NULL, NULL),
(1308, 1308, 4, '2024-06-07', 19, NULL, NULL),
(1309, 1309, 4, '2024-04-01', 13, NULL, NULL),
(1310, 1310, 4, '2024-08-16', 12, NULL, NULL),
(1311, 1311, 2, '2024-02-22', 16, NULL, NULL),
(1312, 1312, 1, '2024-06-28', 10, NULL, NULL),
(1313, 1313, 1, '2024-07-03', 11, NULL, NULL),
(1314, 1314, 3, '2024-08-13', 15, NULL, NULL),
(1315, 1315, 3, '2024-08-10', 13, NULL, NULL),
(1316, 1316, 4, '2024-06-17', 14, NULL, NULL),
(1317, 1317, 3, '2024-10-30', 14, NULL, NULL),
(1318, 1318, 2, '2024-04-05', 13, NULL, NULL),
(1319, 1319, 3, '2024-07-14', 18, NULL, NULL),
(1320, 1320, 3, '2024-11-10', 12, NULL, NULL),
(1321, 1321, 2, '2024-01-26', 10, NULL, NULL),
(1322, 1322, 4, '2024-10-11', 12, NULL, NULL),
(1323, 1323, 3, '2024-09-29', 15, NULL, NULL),
(1324, 1324, 2, '2024-08-26', 14, NULL, NULL),
(1325, 1325, 4, '2024-06-24', 13, NULL, NULL),
(1326, 1326, 3, '2024-05-23', 18, NULL, NULL),
(1327, 1327, 1, '2024-07-05', 15, NULL, NULL),
(1328, 1328, 4, '2024-01-14', 18, NULL, NULL),
(1329, 1329, 3, '2024-04-27', 19, NULL, NULL),
(1330, 1330, 4, '2024-12-16', 13, NULL, NULL),
(1331, 1331, 1, '2024-09-10', 11, NULL, NULL),
(1332, 1332, 2, '2024-09-29', 16, NULL, NULL),
(1333, 1333, 2, '2024-11-28', 10, NULL, NULL),
(1334, 1334, 2, '2024-07-01', 11, NULL, NULL),
(1335, 1335, 4, '2024-11-01', 13, NULL, NULL),
(1336, 1336, 3, '2024-08-19', 12, NULL, NULL),
(1337, 1337, 1, '2024-03-18', 9, NULL, NULL),
(1338, 1338, 2, '2024-06-10', 18, NULL, NULL),
(1339, 1339, 4, '2024-03-31', 11, NULL, NULL),
(1340, 1340, 4, '2024-08-19', 17, NULL, NULL),
(1341, 1341, 1, '2024-01-23', 10, NULL, NULL),
(1342, 1342, 1, '2024-09-24', 15, NULL, NULL),
(1343, 1343, 1, '2024-08-19', 9, NULL, NULL),
(1344, 1344, 2, '2024-05-26', 12, NULL, NULL),
(1345, 1345, 4, '2024-06-25', 12, NULL, NULL),
(1346, 1346, 4, '2024-12-03', 19, NULL, NULL),
(1347, 1347, 3, '2024-07-06', 10, NULL, NULL),
(1348, 1348, 2, '2024-06-15', 10, NULL, NULL),
(1349, 1349, 4, '2024-11-19', 12, NULL, NULL),
(1350, 1350, 2, '2024-12-15', 18, NULL, NULL),
(1351, 1351, 3, '2024-10-31', 18, NULL, NULL),
(1352, 1352, 2, '2024-08-17', 18, NULL, NULL),
(1353, 1353, 4, '2024-05-15', 13, NULL, NULL),
(1354, 1354, 1, '2024-12-19', 14, NULL, NULL),
(1355, 1355, 3, '2024-01-14', 19, NULL, NULL),
(1356, 1356, 1, '2024-12-18', 19, NULL, NULL),
(1357, 1357, 1, '2024-09-26', 10, NULL, NULL),
(1358, 1358, 4, '2024-06-11', 14, NULL, NULL),
(1359, 1359, 2, '2024-04-26', 12, NULL, NULL),
(1360, 1360, 2, '2024-08-29', 15, NULL, NULL),
(1361, 1361, 2, '2024-07-05', 9, NULL, NULL),
(1362, 1362, 2, '2024-03-15', 14, NULL, NULL),
(1363, 1363, 4, '2024-02-23', 17, NULL, NULL),
(1364, 1364, 3, '2024-07-25', 19, NULL, NULL),
(1365, 1365, 4, '2024-04-27', 17, NULL, NULL),
(1366, 1366, 3, '2024-12-13', 11, NULL, NULL),
(1367, 1367, 3, '2024-09-16', 12, NULL, NULL),
(1368, 1368, 2, '2024-02-07', 9, NULL, NULL),
(1369, 1369, 2, '2024-12-01', 13, NULL, NULL),
(1370, 1370, 3, '2024-02-12', 16, NULL, NULL),
(1371, 1371, 4, '2024-02-18', 10, NULL, NULL),
(1372, 1372, 1, '2024-01-24', 13, NULL, NULL),
(1373, 1373, 3, '2024-12-10', 14, NULL, NULL),
(1374, 1374, 1, '2024-02-28', 12, NULL, NULL),
(1375, 1375, 3, '2024-11-04', 16, NULL, NULL),
(1376, 1376, 2, '2024-10-08', 19, NULL, NULL),
(1377, 1377, 4, '2024-11-14', 11, NULL, NULL),
(1378, 1378, 1, '2024-01-29', 14, NULL, NULL),
(1379, 1379, 4, '2024-10-13', 12, NULL, NULL),
(1380, 1380, 4, '2024-08-08', 15, NULL, NULL),
(1381, 1381, 1, '2024-09-05', 14, NULL, NULL),
(1382, 1382, 3, '2024-09-30', 17, NULL, NULL),
(1383, 1383, 2, '2024-07-12', 18, NULL, NULL),
(1384, 1384, 2, '2024-04-02', 13, NULL, NULL),
(1385, 1385, 4, '2024-11-16', 19, NULL, NULL),
(1386, 1386, 1, '2024-01-25', 18, NULL, NULL),
(1387, 1387, 4, '2024-04-15', 13, NULL, NULL),
(1388, 1388, 3, '2024-05-19', 17, NULL, NULL),
(1389, 1389, 3, '2024-06-10', 10, NULL, NULL),
(1390, 1390, 3, '2024-05-03', 10, NULL, NULL),
(1391, 1391, 4, '2024-04-05', 13, NULL, NULL),
(1392, 1392, 3, '2024-02-29', 13, NULL, NULL),
(1393, 1393, 2, '2024-03-24', 13, NULL, NULL),
(1394, 1394, 4, '2024-02-18', 19, NULL, NULL),
(1395, 1395, 1, '2024-10-26', 15, NULL, NULL),
(1396, 1396, 4, '2024-10-06', 18, NULL, NULL),
(1397, 1397, 1, '2024-10-05', 19, NULL, NULL),
(1398, 1398, 4, '2024-12-18', 12, NULL, NULL),
(1399, 1399, 1, '2024-01-10', 17, NULL, NULL),
(1400, 1400, 2, '2024-10-04', 11, NULL, NULL),
(1401, 1401, 2, '2024-10-11', 10, NULL, NULL),
(1402, 1402, 4, '2024-02-09', 10, NULL, NULL),
(1403, 1403, 1, '2024-09-30', 16, NULL, NULL),
(1404, 1404, 2, '2024-07-16', 10, NULL, NULL),
(1405, 1405, 4, '2024-07-27', 15, NULL, NULL),
(1406, 1406, 2, '2024-02-19', 15, NULL, NULL),
(1407, 1407, 3, '2024-03-16', 15, NULL, NULL),
(1408, 1408, 4, '2024-08-27', 14, NULL, NULL),
(1409, 1409, 2, '2024-08-26', 11, NULL, NULL),
(1410, 1410, 4, '2024-05-23', 18, NULL, NULL),
(1411, 1411, 1, '2024-08-07', 18, NULL, NULL),
(1412, 1412, 4, '2024-12-01', 10, NULL, NULL),
(1413, 1413, 3, '2024-02-04', 14, NULL, NULL),
(1414, 1414, 1, '2024-10-05', 19, NULL, NULL),
(1415, 1415, 4, '2024-06-26', 18, NULL, NULL),
(1416, 1416, 4, '2024-05-20', 18, NULL, NULL),
(1417, 1417, 1, '2024-12-21', 9, NULL, NULL),
(1418, 1418, 3, '2024-04-03', 12, NULL, NULL),
(1419, 1419, 4, '2024-11-01', 12, NULL, NULL),
(1420, 1420, 2, '2024-12-08', 19, NULL, NULL),
(1421, 1421, 1, '2024-01-07', 15, NULL, NULL),
(1422, 1422, 1, '2024-12-04', 11, NULL, NULL),
(1423, 1423, 3, '2024-10-04', 18, NULL, NULL),
(1424, 1424, 4, '2024-09-19', 14, NULL, NULL),
(1425, 1425, 4, '2024-05-17', 13, NULL, NULL),
(1426, 1426, 2, '2024-08-29', 19, NULL, NULL),
(1427, 1427, 1, '2024-10-01', 16, NULL, NULL),
(1428, 1428, 1, '2024-08-07', 15, NULL, NULL),
(1429, 1429, 3, '2024-06-22', 10, NULL, NULL),
(1430, 1430, 4, '2024-03-12', 13, NULL, NULL),
(1431, 1431, 1, '2024-09-20', 14, NULL, NULL),
(1432, 1432, 3, '2024-01-10', 14, NULL, NULL),
(1433, 1433, 3, '2024-12-12', 17, NULL, NULL),
(1434, 1434, 3, '2024-12-01', 13, NULL, NULL),
(1435, 1435, 2, '2024-03-27', 16, NULL, NULL),
(1436, 1436, 3, '2024-12-25', 11, NULL, NULL),
(1437, 1437, 2, '2024-11-10', 9, NULL, NULL),
(1438, 1438, 2, '2024-10-08', 17, NULL, NULL),
(1439, 1439, 4, '2024-11-11', 16, NULL, NULL),
(1440, 1440, 1, '2024-09-08', 12, NULL, NULL),
(1441, 1441, 3, '2024-02-19', 9, NULL, NULL),
(1442, 1442, 4, '2024-08-21', 9, NULL, NULL),
(1443, 1443, 3, '2024-03-25', 12, NULL, NULL),
(1444, 1444, 2, '2024-01-04', 15, NULL, NULL),
(1445, 1445, 2, '2024-12-30', 11, NULL, NULL),
(1446, 1446, 1, '2024-02-08', 15, NULL, NULL),
(1447, 1447, 1, '2024-02-02', 9, NULL, NULL),
(1448, 1448, 3, '2024-10-29', 18, NULL, NULL),
(1449, 1449, 1, '2024-06-06', 10, NULL, NULL),
(1450, 1450, 4, '2024-04-10', 16, NULL, NULL),
(1451, 1451, 2, '2024-01-24', 17, NULL, NULL),
(1452, 1452, 2, '2024-11-24', 16, NULL, NULL),
(1453, 1453, 3, '2024-07-01', 16, NULL, NULL),
(1454, 1454, 2, '2024-03-02', 19, NULL, NULL),
(1455, 1455, 1, '2024-11-17', 15, NULL, NULL),
(1456, 1456, 1, '2024-11-21', 13, NULL, NULL),
(1457, 1457, 4, '2024-06-29', 16, NULL, NULL),
(1458, 1458, 1, '2024-07-06', 15, NULL, NULL),
(1459, 1459, 4, '2024-02-05', 12, NULL, NULL),
(1460, 1460, 2, '2024-05-08', 18, NULL, NULL),
(1461, 1461, 1, '2024-02-12', 19, NULL, NULL),
(1462, 1462, 4, '2024-05-29', 11, NULL, NULL),
(1463, 1463, 2, '2024-09-22', 15, NULL, NULL),
(1464, 1464, 1, '2024-08-04', 9, NULL, NULL),
(1465, 1465, 4, '2024-02-04', 9, NULL, NULL),
(1466, 1466, 2, '2024-06-24', 14, NULL, NULL),
(1467, 1467, 3, '2024-05-30', 18, NULL, NULL),
(1468, 1468, 4, '2024-04-13', 17, NULL, NULL),
(1469, 1469, 3, '2024-09-07', 9, NULL, NULL),
(1470, 1470, 1, '2024-10-10', 11, NULL, NULL),
(1471, 1471, 4, '2024-06-15', 18, NULL, NULL),
(1472, 1472, 1, '2024-06-15', 14, NULL, NULL),
(1473, 1473, 2, '2024-05-04', 12, NULL, NULL),
(1474, 1474, 4, '2024-08-06', 17, NULL, NULL),
(1475, 1475, 2, '2024-11-29', 16, NULL, NULL),
(1476, 1476, 3, '2024-08-23', 15, NULL, NULL),
(1477, 1477, 4, '2024-08-15', 19, NULL, NULL),
(1478, 1478, 4, '2024-05-25', 18, NULL, NULL),
(1479, 1479, 1, '2024-07-01', 19, NULL, NULL),
(1480, 1480, 1, '2024-12-25', 12, NULL, NULL),
(1481, 1481, 2, '2024-10-18', 17, NULL, NULL),
(1482, 1482, 1, '2024-01-12', 12, NULL, NULL),
(1483, 1483, 4, '2024-03-04', 17, NULL, NULL),
(1484, 1484, 1, '2024-03-14', 10, NULL, NULL),
(1485, 1485, 4, '2024-06-11', 13, NULL, NULL),
(1486, 1486, 4, '2024-06-14', 11, NULL, NULL),
(1487, 1487, 1, '2024-02-28', 10, NULL, NULL),
(1488, 1488, 4, '2024-02-23', 9, NULL, NULL),
(1489, 1489, 3, '2024-03-23', 19, NULL, NULL),
(1490, 1490, 2, '2024-09-28', 12, NULL, NULL),
(1491, 1491, 4, '2024-04-11', 9, NULL, NULL),
(1492, 1492, 2, '2024-12-18', 14, NULL, NULL),
(1493, 1493, 4, '2024-03-27', 11, NULL, NULL),
(1494, 1494, 3, '2024-08-13', 19, NULL, NULL),
(1495, 1495, 3, '2024-07-02', 14, NULL, NULL),
(1496, 1496, 1, '2024-02-11', 13, NULL, NULL),
(1497, 1497, 4, '2024-12-22', 16, NULL, NULL),
(1498, 1498, 1, '2024-01-30', 14, NULL, NULL),
(1499, 1499, 4, '2024-10-11', 14, NULL, NULL),
(1500, 1500, 3, '2024-05-11', 9, NULL, NULL),
(1501, 1501, 2, '2024-03-03', 12, NULL, NULL);

-- --------------------------------------------------------

--
-- Table structure for table `gender`
--

CREATE TABLE `gender` (
  `id` int(11) NOT NULL,
  `name` varchar(255) NOT NULL
) ENGINE=InnoDB DEFAULT CHARSET=utf8 COLLATE=utf8_turkish_ci;

--
-- Dumping data for table `gender`
--

INSERT INTO `gender` (`id`, `name`) VALUES
(1, 'Erkek'),
(2, 'Kadın');

-- --------------------------------------------------------

--
-- Table structure for table `sick`
--

CREATE TABLE `sick` (
  `id` int(11) NOT NULL,
  `name` varchar(255) NOT NULL,
  `surname` varchar(255) NOT NULL,
  `gender_id` int(11) NOT NULL,
  `birthday` date NOT NULL
) ENGINE=InnoDB DEFAULT CHARSET=utf8 COLLATE=utf8_general_ci;

--
-- Dumping data for table `sick`
--

INSERT INTO `sick` (`id`, `name`, `surname`, `gender_id`, `birthday`) VALUES
(1, 'VEYSEL', 'ŞEN', 1, '1980-10-29'),
(2, 'MEHMET', 'KANDEMİR', 1, '1953-03-01'),
(3, 'YUSUF', 'ÇEVİK', 1, '1990-01-25'),
(4, 'RAMAZAN', 'ERKURAN', 1, '1974-11-25'),
(5, 'ALİ', 'TÜTEN', 1, '1977-07-23'),
(6, 'HASAN', 'ÖZTÜRK', 1, '1988-03-15'),
(7, 'ABDİ', 'YÜZBAŞIOĞLU', 1, '1992-08-20'),
(8, 'OSMAN', 'VURAL', 1, '1954-05-30'),
(9, 'KENAN', 'YÜCEL', 1, '2008-08-01'),
(10, 'KADİR', 'SÖNMEZ', 1, '1994-07-02'),
(11, 'MUTLU', 'ERTEKİN', 1, '2010-01-15'),
(12, 'CEMAL', 'DEDE', 1, '1991-12-20'),
(13, 'MÜMİN', 'UYANIK', 1, '1995-07-31'),
(14, 'BAYRAM', 'ASLAN', 1, '1998-11-25'),
(15, 'MAHMUT', 'AKBULUT', 1, '1993-01-09'),
(16, 'HÜSEYİN', 'ORHON', 1, '2006-05-08'),
(17, 'BÜNYAMİN', 'UZ', 1, '2015-05-21'),
(18, 'HALİL', 'YAVUZ', 1, '2010-11-19'),
(19, 'BURHAN', 'ERDEM', 1, '2002-10-13'),
(20, 'ÖMER', 'KULAÇ', 1, '1969-08-07'),
(21, 'GÖKHAN', 'KAYA', 1, '1985-12-07'),
(22, 'HİMMET', 'SELVİ', 1, '1959-12-19'),
(23, 'KEMAL', 'AKPINAR', 1, '1988-04-25'),
(24, 'CUMALİ', 'ABACIOĞLU', 1, '1964-05-02'),
(25, 'MUSTAFA', 'ÇAY', 1, '1966-06-15'),
(26, 'SÜLEYMAN', 'IŞIK', 1, '1963-07-28'),
(27, 'MUSA', 'ÖZER', 1, '1992-02-01'),
(28, 'İSMAİL', 'ÖZDEMİR', 1, '2003-10-23'),
(29, 'FERHAT', 'ÖZTÜRK', 1, '2011-12-12'),
(30, 'NUH', 'TAHTACI', 1, '1965-08-12'),
(31, 'İZZET', 'BÜYÜKCAM', 1, '1982-04-25'),
(32, 'İBRAHİM', 'KULAKSIZ', 1, '1969-04-05'),
(33, 'TURKAY', 'AKSEL', 1, '1954-05-12'),
(34, 'HAKKI', 'EROĞLU', 1, '1973-02-05'),
(35, 'GÜNKÜR', 'KARAKUM', 1, '1971-06-27'),
(36, 'İSMET', 'DAL', 1, '2010-04-26'),
(37, 'AVNİ', 'ÖCAL', 1, '1971-09-28'),
(38, 'DURAN', 'AYHAN', 1, '1996-03-21'),
(39, 'AHMET', 'YİĞİT', 1, '2019-01-04'),
(40, 'KAMBER', 'YARBİL', 1, '2019-07-13'),
(41, 'MEVZU', 'CANACANKATAN', 1, '1981-10-04'),
(42, 'NEÇMİTTİN', 'GÜMÜŞAY', 1, '1953-08-12'),
(43, 'SERDAR', 'MURT', 1, '1960-05-23'),
(44, 'MEHMETDEDE', 'HALHALLI', 1, '1968-09-16'),
(45, 'CİHAN', 'ULUÖZ', 1, '2014-10-05'),
(46, 'ZAFER', 'ŞEYHANLI', 1, '1984-03-14'),
(47, 'TEVFİK', 'ÇALIŞKANTÜRK', 1, '1984-01-13'),
(48, 'HACI', 'YILMAZ', 1, '1958-04-10'),
(49, 'RIZA', 'SARAÇOĞLU', 1, '2011-12-24'),
(50, 'YASİN', 'SEZER', 1, '1967-01-01'),
(51, 'RAFET', 'DOĞAN', 1, '1952-11-19'),
(52, 'SERDAL', 'DEMİR', 1, '2019-01-15'),
(53, 'SELAİDDİN', 'KAYAYURT', 1, '2007-10-18'),
(54, 'BÜLENT', 'SÜRÜM', 1, '2010-01-11'),
(55, 'BARIŞ', 'YAVAŞİ', 1, '1989-06-02'),
(56, 'FIRAT', 'TURGUT', 1, '1960-06-11'),
(57, 'DURMUŞALİ', 'ŞEN TANRIKULU', 1, '1961-01-24'),
(58, 'ZİYA', 'BARBAROS', 1, '1980-10-26'),
(59, 'MESUT', 'ALDİNÇ', 1, '2012-11-03'),
(60, 'SİNAN', 'TEKİN', 1, '1965-05-18'),
(61, 'MEMİLİ', 'GÜLŞAN', 1, '1995-07-20'),
(62, 'DEDE', 'KÜFECİLER', 1, '1957-11-06'),
(63, 'ERDİNÇ', 'ALMACIOĞLU', 1, '1986-05-06'),
(64, 'NURİ', 'ÇİLDİR', 1, '2010-02-10'),
(65, 'SAVAŞ', 'TÜRKDOĞAN', 1, '1996-07-12'),
(66, 'RECEP', 'KAYA', 1, '1957-03-09'),
(67, 'MUHAMMET', 'ÖNER', 1, '1952-01-19'),
(68, 'NEŞAT', 'ŞELİMAN', 1, '1969-04-12'),
(69, 'ŞENGÜL', 'YAMAN', 1, '1990-10-24'),
(70, 'SERKAN', 'ATİK', 1, '2002-11-13'),
(71, 'VELİ', 'YİĞİT', 1, '2008-12-02'),
(72, 'HÜRKAN', 'GİRAY', 1, '1994-06-22'),
(73, 'YUNUS', 'YALÇINKAYA', 1, '1993-11-09'),
(74, 'DURMUŞ', 'KILIÇ', 1, '2016-09-08'),
(75, 'CAHİT', 'ŞENTÜRK', 1, '1970-09-25'),
(76, 'ERCAN', 'KARABAĞ', 1, '2016-04-06'),
(77, 'AKIN', 'DEĞİRMENCİ', 1, '1951-09-03'),
(78, 'YAKUP', 'BODUROĞLU', 1, '2001-10-01'),
(79, 'YÜCEL', 'YILDIZ', 1, '1965-08-27'),
(80, 'VOLKAN', 'GÜLER', 1, '1996-10-12'),
(81, 'EMRAH', 'ERASLAN', 1, '1952-05-21'),
(82, 'NİSAN', 'ÜZER', 1, '2015-08-24'),
(83, 'HÜMMET', 'PİŞİRGEN', 1, '2003-11-11'),
(84, 'VAİTTİN', 'ADANIR', 1, '2001-12-18'),
(85, 'AYTEKİN', 'KOÇ', 1, '1960-03-30'),
(86, 'LUTFİ', 'KORKMAZ', 1, '2000-02-09'),
(87, 'KASIM', 'YENİDOĞAN', 1, '1979-09-26'),
(88, 'ABDULLAH', 'AYDOĞAN', 1, '1976-10-13'),
(89, 'HAKAN', 'ACARBULUT', 1, '1991-03-05'),
(90, 'BEKİR', 'ERGE', 1, '1974-11-19'),
(91, 'MAZLUM', 'ERDOĞAN', 1, '1969-07-08'),
(92, 'SONER', 'ÖĞÜT AYDIN', 1, '2014-05-08'),
(93, 'CAFER', 'KUŞKU', 1, '2010-06-07'),
(94, 'AYCAN', 'KUCUR TÜLÜBAŞ', 1, '1971-08-07'),
(95, 'SELÇUK', 'PEKTAŞ', 1, '2012-08-02'),
(96, 'SELAHATTİN', 'KAYACAN', 1, '1954-02-05'),
(97, 'TUNÇ', 'GÜLEN', 1, '1982-05-17'),
(98, 'ŞADİ', 'DOĞAN', 1, '1954-12-04'),
(99, 'KADRİ', 'AYDIN BADILLIOĞLU', 1, '1999-09-07'),
(100, 'TURGUT', 'GÜLEN AKKÜÇÜK', 1, '1980-06-12'),
(101, 'CEZMİ', 'CANDAN', 1, '1993-09-22'),
(102, 'NECATİ', 'TEMEL', 1, '1968-06-14'),
(103, 'MENDERES', 'YENİGÜN', 1, '1971-05-25'),
(104, 'SERVET', 'YILDIRIM', 1, '1999-08-03'),
(105, 'DAVUT', 'BEDER', 1, '1981-09-23'),
(106, 'YAVUZ', 'AKINCI', 1, '1991-05-16'),
(107, 'OZAN', 'ÖZDEMİR', 1, '1966-10-13'),
(108, 'SADIK', 'ONUK', 1, '1953-12-28'),
(109, 'ADNAN', 'AYDOĞAN', 1, '2006-06-21'),
(110, 'LATİF', 'YILMAZ', 1, '1975-06-30'),
(111, 'ARİF', 'AKCAN ATASOY', 1, '1967-04-09'),
(112, 'FUAT', 'SARAÇOĞLU ÇEKİÇ', 1, '1987-12-07'),
(113, 'MÜKREMİN', 'CÖMERT', 1, '1958-03-07'),
(114, 'NAZMİ', 'TOPAL', 1, '1964-02-19'),
(115, 'İDİRİS', 'KARAHAN', 1, '2016-05-22'),
(116, 'SAFFET', 'ŞAHİN', 1, '1991-03-01'),
(117, 'İSA', 'ÇETİN', 1, '1987-11-20'),
(118, 'ORHAN', 'YILMAZ İNAL', 1, '1960-07-28'),
(119, 'DEVİR', 'AYTAÇ', 1, '1984-12-23'),
(120, 'MURAT', 'YILDIZ ALTUN', 1, '1995-03-18'),
(121, 'HİKMET', 'KİŞİ', 1, '1954-10-28'),
(122, 'UĞUR', 'GÜNDÜZ', 1, '2004-12-17'),
(123, 'FEHMİ', 'ÖZKURT PÜRCÜ', 1, '2002-08-25'),
(124, 'GÜVEN', 'AK', 1, '1990-08-09'),
(125, 'CELAL', 'URFALI', 1, '2001-08-13'),
(126, 'HEBİP', 'KARAMAN', 1, '1965-10-07'),
(127, 'MUHİTTİN', 'MEMETOĞLU', 1, '1964-02-11'),
(128, 'ABDULKADİR', 'KAZBEK', 1, '1956-12-17'),
(129, 'MİRAZ', 'KİREÇÇİ', 1, '1966-02-10'),
(130, 'NURİTTİN', 'AKIN', 1, '1985-08-20'),
(131, 'İRFAN', 'YADİGAROĞLU', 1, '1990-10-28'),
(132, 'KURTULUŞ', 'YÜKSEL', 1, '1979-06-17'),
(133, 'NAİM', 'ÖZÇELİK ORAL', 1, '1987-09-05'),
(134, 'BEYTULLAH', 'BABUŞ', 1, '2014-01-19'),
(135, 'SABİT', 'KAPLAN', 1, '1977-02-11'),
(136, 'CİHANGİR', 'AKÖZ', 1, '1984-07-23'),
(137, 'ZEYBEK', 'KARTAL', 1, '1952-05-18'),
(138, 'SEFER', 'BİLGİÇ', 1, '1989-03-22'),
(139, 'MESUD', 'ERDEN', 1, '2015-03-27'),
(140, 'İMDAT', 'TUĞCUGİL', 1, '1987-08-15'),
(141, 'CEMİL', 'KUMRAL', 1, '1958-04-15'),
(142, 'ADEM', 'ERBAŞ', 1, '2012-11-21'),
(143, 'MİTAT', 'ORAL', 1, '1982-03-03'),
(144, 'HIDIR', 'KILAÇ', 1, '1952-02-07'),
(145, 'FATİH', 'CENGİZ', 1, '1956-03-22'),
(146, 'YILMAZ', 'YILDIRIM', 1, '1990-04-08'),
(147, 'EYYUP', 'KUTLUCAN BAĞCI', 1, '2003-01-01'),
(148, 'FEYZİ', 'BALABAN', 1, '1977-01-01'),
(149, 'MEHMETALİ', 'KAYA', 1, '2014-07-20'),
(150, 'İMİR', 'BALCI', 1, '2002-04-04'),
(151, 'SELAHİDDİN', 'TÜFEKÇİ', 1, '2010-11-21'),
(152, 'HAYRİ', 'ATAY', 1, '1983-09-01'),
(153, 'NİHAT', 'YARAR', 1, '2014-12-01'),
(154, 'YAŞAR', 'SEVER', 1, '2017-10-21'),
(155, 'NEÇDET', 'YILDIRIM', 1, '2011-01-12'),
(156, 'SERHAT', 'ARSLAN KAŞDOĞAN', 1, '2014-06-30'),
(157, 'İLYAS', 'ARKAN', 1, '1981-06-08'),
(158, 'FİKRET', 'TUTAŞ', 1, '1988-04-25'),
(159, 'FEVZİ', 'ÖZTÜRK', 1, '1955-10-31'),
(160, 'SELAMİ', 'HAVAS', 1, '1951-11-08'),
(161, 'MUZAFFER', 'SEÇİR', 1, '2003-11-11'),
(162, 'DENİZ', 'YILDIZ', 1, '1951-08-17'),
(163, 'CENGİZHAN', 'SOYKAMER', 1, '1959-05-06'),
(164, 'SELAHİTTİN', 'BEKTAŞ', 1, '2015-03-13'),
(165, 'EROL', 'BERK', 1, '2007-06-23'),
(166, 'CÜMALİ', 'GÜL', 1, '2000-08-23'),
(167, 'TUNCAY', 'GEDİK YILMAZ', 1, '1994-01-03'),
(168, 'NECMETTİN', 'CENGİZ', 1, '1970-02-28'),
(169, 'ŞEVKET', 'ÇOLAK', 1, '2004-03-14'),
(170, 'GÜRSOY', 'BULUT', 1, '1962-03-31'),
(171, 'SAİM', 'SARI', 1, '2018-02-08'),
(172, 'ALPER', 'AKYOL', 1, '1982-03-23'),
(173, 'ZEKERİYA', 'BAĞCIK', 1, '1992-03-15'),
(174, 'OKAN', 'KUTLUYURDU', 1, '1981-02-20'),
(175, 'ÖZKAN', 'DEMİRGAN', 1, '2004-06-15'),
(176, 'FARUK', 'YİĞİT KUPLAY', 1, '1965-07-26'),
(177, 'OLCAY', 'GERİLMEZ', 1, '1985-08-16'),
(178, 'HAMZA', 'DÜZKALIR', 1, '2017-04-06'),
(179, 'TEKİN', 'KÖKSOY', 1, '1950-07-10'),
(180, 'VEYSAL', 'GÜLŞEN', 1, '1968-07-21'),
(181, 'NİYAZ', 'AKAR', 1, '2001-03-21'),
(182, 'SEYHAN', 'ÖZDOĞAN', 1, '1974-06-09'),
(183, 'SALİH', 'TÖNGE', 1, '1961-03-15'),
(184, 'NADİR', 'YASA', 1, '1969-01-04'),
(185, 'ABDULCENAP', 'ÖNVERMEZ', 1, '1986-01-17'),
(186, 'YONİS', 'YILDIRIM', 1, '2000-04-26'),
(187, 'BİRKAN', 'BİÇER', 1, '1991-03-29'),
(188, 'TALET', 'KARADEMİR', 1, '2000-08-02'),
(189, 'TURGAY', 'ALIMLI', 1, '1997-04-12'),
(190, 'UFUK', 'AKGÜL', 1, '1979-04-19'),
(191, 'ZEHNİ', 'HANCIOĞLU', 1, '1970-11-17'),
(192, 'ZÜLKÜF', 'BATÇIK', 1, '1972-01-30'),
(193, 'ERDAL', 'OLPAK', 1, '1997-01-25'),
(194, 'EMRE', 'BOLAT', 1, '1956-05-30'),
(195, 'NECMİ', 'ARSLAN', 1, '1988-12-05'),
(196, 'CÜNEYT', 'SİĞA', 1, '1964-05-25'),
(197, 'TEYFİK', 'MERCAN', 1, '1976-02-18'),
(198, 'TANER', 'BOZKURTER', 1, '2009-06-06'),
(199, 'MACİT', 'GÜLER', 1, '1958-12-27'),
(200, 'BİLAL', 'ERGİNEL', 1, '2010-12-31'),
(201, 'TİJEN', 'ŞAHİN', 2, '1954-05-28'),
(202, 'SEVGİ', 'KADAK', 2, '1968-03-02'),
(203, 'AYŞE', 'GÜNEY KOCABAŞ', 2, '1958-06-01'),
(204, 'DÖNDÜ', 'GAYRETLİ AYDIN', 2, '2012-03-13'),
(205, 'SEHER', 'HEPKAYA', 2, '1960-06-18'),
(206, 'YASEMİN', 'BAYRAM', 2, '2010-09-27'),
(207, 'EMİNE', 'KANIK YÜKSEK', 2, '1969-02-10'),
(208, 'AYSEL', 'KULAK GEDİK', 2, '1969-06-11'),
(209, 'CENNET', 'AKCAN PAKSOY', 2, '2008-09-11'),
(210, 'MELAHAT', 'ESER', 2, '1953-11-06'),
(211, 'ESRA', 'KILIÇ YILDIRIM', 2, '1978-10-17'),
(212, 'HİLAL', 'GİDER', 2, '2000-05-04'),
(213, 'İMREN', 'KURT', 2, '1989-05-26'),
(214, 'HAYRİYE', 'ELLİALTI', 2, '2001-04-19'),
(215, 'HATİCE', 'DEMİRTAŞ', 2, '1965-11-25'),
(216, 'HACERE', 'ARGA', 2, '1958-07-10'),
(217, 'DURSUN', 'BAŞKAN VURALKAN', 2, '1952-08-07'),
(218, 'NEZİHAT', 'ALUÇLU', 2, '1965-03-16'),
(219, 'SELVER', 'MUTLU', 2, '2009-04-29'),
(220, 'FATMA', 'ŞATIR ERTEM', 2, '1993-06-28'),
(221, 'SABRİYE', 'ENGİZ', 2, '2005-02-02'),
(222, 'ÜMMÜGÜLSÜM', 'ÇİPE', 2, '1962-09-30'),
(223, 'FADİME', 'UYSAL', 2, '2001-02-09'),
(224, 'NAZMİYE', 'BAŞER', 2, '2017-06-18'),
(225, 'RAZİYE', 'ARSLAN', 2, '1969-07-12'),
(226, 'GAMZE', 'GÖZKAYA', 2, '2008-11-02'),
(227, 'MERYEM', 'ULUTAŞ', 2, '1981-02-03'),
(228, 'GÜLTEN', 'PİRİM', 2, '1970-07-16'),
(229, 'CEMİLE', 'ÜSTÜN', 2, '1984-11-02'),
(230, 'ZEYNEP', 'KIZMAZOĞLU', 2, '1958-04-23'),
(231, 'HAVVA', 'ULUBA', 2, '1976-04-04'),
(232, 'MEDİNE', 'ARSLAN', 2, '1986-01-28'),
(233, 'GÜLER', 'KARAOĞLU', 2, '1977-07-18'),
(234, 'DUDU', 'ÖZSOY', 2, '1953-01-24'),
(235, 'MÜNEVVER', 'YALÇIN', 2, '1994-04-19'),
(236, 'UMMUHANI', 'SAF', 2, '1987-10-06'),
(237, 'ÖZLEM', 'VURAL', 2, '1975-06-07'),
(238, 'SEBAHAT', 'DEMİRTAŞ', 2, '2015-08-09'),
(239, 'MÜKERREM', 'GENÇPINAR', 2, '1994-01-18'),
(240, 'RAHİME', 'AKASLAN', 2, '1951-02-17'),
(241, 'ELİF', 'UYĞUN', 2, '1964-01-06'),
(242, 'HAVA', 'ATAY', 2, '1993-05-06'),
(243, 'TESLİME', 'ÖNDER SİVİŞ', 2, '1962-01-01'),
(244, 'HÜRİYE', 'BAYMAK', 2, '2002-06-10'),
(245, 'ÖZGÜL', 'ATAY', 2, '1967-09-17'),
(246, 'FERDANE', 'GÜVENÇ', 2, '1982-04-25'),
(247, 'DURDU', 'AKCA ÇAĞLAR', 2, '2013-09-13'),
(248, 'ÜMMÜ', 'ÖZCAN', 2, '2018-12-19'),
(249, 'HÜRÜ', 'ERDEM ÖZCAN', 2, '2006-07-11'),
(250, 'GÜLSEN', 'BAŞMAN', 2, '1968-12-27'),
(251, 'ZAHİDE', 'YANNİ', 2, '1966-08-10'),
(252, 'ASİYE', 'ÜNAL', 2, '1977-02-08'),
(253, 'GÜZİDE', 'GÜNDOĞDU', 2, '2007-11-14'),
(254, 'HABİBE', 'ÇELİK', 2, '1986-07-20'),
(255, 'FİRDEVS', 'USTA GÜÇ', 2, '2015-03-11'),
(256, 'SENEM', 'TANRIVERDİ YILMAZ', 2, '1997-12-09'),
(257, 'MÜMİNE', 'TAŞKIN', 2, '1966-12-05'),
(258, 'GÜLÜZAR', 'ÇETİN', 2, '2010-10-22'),
(259, 'KAMİLE', 'YILMAZ ÇİFTDOĞAN', 2, '1960-05-05'),
(260, 'ÇAĞLAR', 'GAZETECİ TEKİN', 2, '2001-03-06'),
(261, 'MÜJDE', 'SARİ', 2, '2005-08-12'),
(262, 'NEŞE', 'KARAKOYUN', 2, '1972-12-28'),
(263, 'ŞÜKRAN', 'KARAKUŞ EPÇAÇAN', 2, '2016-11-05'),
(264, 'HÜSNE', 'EKİCİ', 2, '1971-03-18'),
(265, 'GÜL', 'AYDINER', 2, '2016-01-06'),
(266, 'CANSU', 'AKTAŞ', 2, '1981-06-25'),
(267, 'DURSİNE', 'BELGEMEN', 2, '1962-02-21'),
(268, 'AYTEN', 'ÇETİN', 2, '1974-09-30'),
(269, 'MEDİHA', 'OFLAZ', 2, '2018-11-16'),
(270, 'SEBİHA', 'BUĞRUL', 2, '1996-06-03'),
(271, 'ARZU', 'BAYSOY', 2, '1955-02-09'),
(272, 'GÜNGÖRDÜ', 'BÜKÜLMEZ', 2, '2010-11-12'),
(273, 'SABAHAT', 'YILMAZ', 2, '1983-02-10'),
(274, 'SİBEL', 'BIÇAKÇI', 2, '2015-06-30'),
(275, 'ŞEFİĞA', 'KARA', 2, '1959-02-05'),
(276, 'ZELİHA', 'TİMURTAŞ DAYAR', 2, '1952-06-22'),
(277, 'FADİŞ', 'ATEŞ', 2, '1982-02-11'),
(278, 'GÜNER', 'BİNBOĞA', 2, '1953-06-16'),
(279, 'SULTAN', 'KIZILTEPE', 2, '2011-06-22'),
(280, 'NİGAR', 'KAYA', 2, '2005-02-12'),
(281, 'DEMET', 'ABSEYİ', 2, '1997-04-21'),
(282, 'ZALA', 'AMİROVA UÇAN', 2, '1961-04-29'),
(283, 'SAFİYE', 'ÖZTÜRK', 2, '2000-02-14'),
(284, 'MEFARET', 'TAŞ', 2, '1957-01-21'),
(285, 'YADİĞAR', 'CEYLAN', 2, '1968-09-13'),
(286, 'NURİYE', 'KILIÇ', 2, '1987-06-28'),
(287, 'NURSEL', 'EROL', 2, '2002-05-03'),
(288, 'SONGÜL', 'TAYFUN', 2, '2008-09-03'),
(289, 'ZÜBEYDE', 'KAYA', 2, '1965-03-27'),
(290, 'HACER', 'KARAKURT', 2, '1978-12-20'),
(291, 'ÜMMÜHAN', 'BUDUNOĞLU', 2, '1967-07-16'),
(292, 'NURAN', 'ÖZER', 2, '1952-09-24'),
(293, 'NURTEN', 'SAYGIN', 2, '1996-11-19'),
(294, 'KÜÇÜK', 'ERYAVUZ', 2, '1980-02-19'),
(295, 'PINAR', 'POLAT ÇİÇEK', 2, '1978-04-17'),
(296, 'TUĞBA', 'YILMAZ', 2, '2019-02-14'),
(297, 'MELEHAT', 'ÇELİK', 2, '1975-02-04'),
(298, 'VAHİDE', 'ÜNSAL', 2, '2019-05-09'),
(299, 'SERPİL', 'ALPINAR', 2, '1983-06-26'),
(300, 'GÜLDANE', 'CİNDEMİR', 2, '1954-07-02'),
(301, 'UMMAHANI', 'AKDUMAN', 2, '1950-06-21'),
(302, 'SÜLEYDAM', 'UYAR', 2, '2017-09-18'),
(303, 'RUKİYE', 'TÜLPAR', 2, '1958-02-27'),
(304, 'SEVİM', 'AZAK', 2, '2009-02-21'),
(305, 'NURSEN', 'EREN', 2, '1950-04-11'),
(306, 'FİKRİYE', 'GÖZCÜ', 2, '1956-09-07'),
(307, 'ZEHRA', 'BAYSAL', 2, '2012-04-03'),
(308, 'PERVİN', 'TUNCEL', 2, '2014-03-30'),
(309, 'RAHMA', 'ÇETEMEN', 2, '1997-06-10'),
(310, 'NACİYE', 'YILMAZ', 2, '1956-05-02'),
(311, 'SELMA', 'GİNİŞ', 2, '1987-12-07'),
(312, 'AYŞEGÜL', 'UZUN', 2, '2018-02-08'),
(313, 'NİHAL', 'NASIROĞLU', 2, '1955-07-18'),
(314, 'FATİŞ', 'SEZGİN', 2, '1974-04-17'),
(315, 'ÜMMÜSÜN', 'ÖZTÜRK', 2, '1993-07-15'),
(316, 'ÜMMUHANI', 'YILDIRIM', 2, '1975-08-18'),
(317, 'ÜMMÜLÜ', 'UZUN', 2, '1974-07-10'),
(318, 'HASİBE', 'BULUR', 2, '1981-02-04'),
(319, 'SADİYE', 'DUYSAK', 2, '1989-04-18'),
(320, 'SIDIKA', 'YENİN', 2, '1985-01-24'),
(321, 'LEYLA', 'DEMİREL', 2, '2016-03-29'),
(322, 'ŞEHNAZ', 'SAK', 2, '1994-10-17'),
(323, 'KAZİBEN', 'KOCABAŞ', 2, '2011-04-24'),
(324, 'DURDANE', 'SARAÇ', 2, '1950-10-16'),
(325, 'ZÜLFİYE', 'ALKURT KAYIKÇI', 2, '1987-03-05'),
(326, 'ZEKİYE', 'YURT', 2, '1988-09-19'),
(327, 'GÜLHAN', 'İLKAY', 2, '2011-01-30'),
(328, 'AYFER', 'TAVŞAN', 2, '1985-02-16'),
(329, 'ARİFE', 'ALAY', 2, '1989-07-31'),
(330, 'ESME', 'ERTEM', 2, '1989-11-06'),
(331, 'NESLİHAN', 'ÖZEL', 2, '2000-08-12'),
(332, 'NEVİN', 'GENÇ', 2, '1990-10-26'),
(333, 'RABİA', 'UĞUZ', 2, '1991-02-22'),
(334, 'ŞENCAN', 'EVİK', 2, '1956-01-10'),
(335, 'GÜNSER', 'GENÇ TALAS', 2, '1997-05-13'),
(336, 'ELİFE', 'EKER', 2, '1959-03-09'),
(337, 'HÜLYA', 'ÇİMEN', 2, '1993-11-21'),
(338, 'RABİYA', 'ÇIRAKOĞLU', 2, '1986-08-24'),
(339, 'MÜBERRA', 'DEMİR GÖÇMEN', 2, '1967-02-21'),
(340, 'HURİ', 'ALPAYCI', 2, '2013-03-15'),
(341, 'GÖNÜL', 'AK', 2, '2015-11-15'),
(342, 'SEVDA', 'ÇELİK', 2, '2016-02-13'),
(343, 'MELEK', 'ERCAN', 2, '2009-04-02'),
(344, 'NİMET', 'ALTUN', 2, '1982-04-11'),
(345, 'DERYA', 'KILIÇ', 2, '2014-07-09'),
(346, 'HALİME', 'SARP', 2, '1950-03-17'),
(347, 'EBRU', 'SÖKER', 2, '2019-07-02'),
(348, 'ÜMMÜSÜ', 'KÖSE', 2, '1994-10-04'),
(349, 'GÜLCAN', 'BARÇAK', 2, '2006-12-10'),
(350, 'MEYREM', 'ÖZEKLİ MISIRLIOĞLU', 2, '1985-04-29'),
(351, 'DÜRDANE', 'BOLAÇ', 2, '1987-01-18'),
(352, 'FATOŞ', 'ASLANALP', 2, '1959-06-15'),
(353, 'MUTEBER', 'ÖRNEK', 2, '1965-10-06'),
(354, 'EŞE', 'AKDOĞAN', 2, '1982-01-03'),
(355, 'SEMA', 'ÖZÇELİK', 2, '1985-04-28'),
(356, 'GÜLSÜM', 'ERTÜRKLER', 2, '1979-04-23'),
(357, 'EDA', 'SARAL', 2, '1969-04-17'),
(358, 'SEDA', 'ÖZKAN', 2, '1998-06-12'),
(359, 'NERİMAN', 'DEMİRHAN', 2, '1959-07-22'),
(360, 'ŞADİYE', 'ASLANKARA', 2, '2012-08-15'),
(361, 'SAKİNE', 'EMLAKÇIOĞLU', 2, '1981-07-16'),
(362, 'AZİZE', 'ÖZTÜRK', 2, '1971-10-22'),
(363, 'SEVİYE', 'ESER', 2, '1955-12-31'),
(364, 'YETER', 'ÖDEN', 2, '1983-07-27'),
(365, 'MESUDE', 'DEMİRAY', 2, '1991-12-15'),
(366, 'ANŞA', 'AYHAN', 2, '1994-10-28'),
(367, 'NEBİLE', 'YAĞCI', 2, '1982-02-20'),
(368, 'KİRAZ', 'AVCI', 2, '1964-04-07'),
(369, 'GÜLCİHAN', 'BAYGELDİ', 2, '1978-06-30'),
(370, 'IRAZ', 'BÜKÜM', 2, '1987-06-02'),
(371, 'AİŞE', 'DİNCER', 2, '1972-07-05'),
(372, 'MEHRİ', 'DOĞAN', 2, '2017-03-08'),
(373, 'DİLEK', 'EKİZ', 2, '1960-09-15'),
(374, 'AYNI', 'ŞAHİNER', 2, '1972-08-25'),
(375, 'NERMİN', 'ŞENGÜL', 2, '2000-05-16'),
(376, 'PELİN', 'İLGÜN', 2, '1971-01-17'),
(377, 'EZGİ', 'AŞIK', 2, '1975-02-20'),
(378, 'NURAY', 'ÖZKAN', 2, '1981-09-26'),
(379, 'MÜNÜFER', 'ŞİRZAİ', 2, '2006-11-12'),
(380, 'SUNA', 'ÖCALAN', 2, '2007-11-13'),
(381, 'FETHİYE', 'KABA', 2, '1984-05-19'),
(382, 'TUBA', 'TÜLÜCE', 2, '2019-04-06'),
(383, 'ŞAHİNDE', 'AYTEKİN', 2, '1954-12-05'),
(384, 'ÜMÜ', 'KAYA', 2, '1956-11-02'),
(385, 'HURİYE', 'DÜGER', 2, '1974-06-12'),
(386, 'CEVRİYE', 'METİNEREN', 2, '2002-07-06'),
(387, 'İMRAN', 'BULUT', 2, '2005-03-17'),
(388, 'ARZI', 'ŞAHİN DUYAR', 2, '1977-05-08'),
(389, 'GÜLAY', 'ÇETİN', 2, '1974-09-11'),
(390, 'NADİYE', 'BÖLÜK', 2, '1974-10-26'),
(391, 'TÜRKAN', 'GÖZAÇAN', 2, '1957-04-06'),
(392, 'FADİLİ', 'BOZKURT', 2, '1971-10-02'),
(393, 'ZÖHRE', 'ÖNEY KURNAZ', 2, '1967-02-28'),
(394, 'ŞERİFE', 'AY GÜNEY', 2, '2002-12-22'),
(395, 'MÜSLİME', 'KÖYLÜ', 2, '1981-05-13'),
(396, 'ÇİÇEK', 'ÖZMEN SÜNER', 2, '1998-10-18'),
(397, 'HANDE', 'TALAN', 2, '1982-04-18'),
(398, 'AFİTAB', 'DUMLU', 2, '1992-10-15'),
(399, 'NURCAN', 'ZORLU KARAYİĞİT', 2, '2006-07-06'),
(400, 'MUHTEREM', 'KÖYCÜ', 2, '1972-03-30'),
(401, 'DUYGU', 'UYGUR', 2, '1986-10-03'),
(402, 'DÖNDÜLÜ', 'KABACAOĞLU', 2, '2009-07-16'),
(403, 'GÜLŞEN', 'TOPALOĞLU', 2, '1985-03-13'),
(404, 'HANDAN', 'AYIK', 2, '1954-10-31'),
(405, 'NİGARE', 'DEMİR', 2, '1966-03-24'),
(406, 'NEJLA', 'ERDEM', 2, '2011-08-31'),
(407, 'MÜRÜFET', 'KARAMANLI', 2, '1976-11-28'),
(408, 'AYTÜL', 'SADİ AYKAN', 2, '1967-04-20'),
(409, 'SEVAL', 'OKTAY', 2, '1972-01-28'),
(410, 'MELTEM', 'YURTLU', 2, '1978-11-04'),
(411, 'AYÇA', 'SALMAN SEVER', 2, '1952-03-17'),
(412, 'SELCAN', 'CİRİT KOÇER', 2, '1995-08-01'),
(413, 'ZEKİNE', 'SORGUN EVCİLİ', 2, '1951-10-31'),
(414, 'YAŞAR', 'NURÇİN', 2, '1957-04-21'),
(415, 'GÜLFADİME', 'BAŞKAN', 2, '1990-08-08'),
(416, 'DİLBER', 'KAZANCI', 2, '2018-03-27'),
(417, 'ZÜBEYDA', 'KIYAK YILMAZ', 2, '2019-02-14'),
(418, 'TALİHA', 'METE', 2, '2015-11-08'),
(419, 'FADIMA', 'UZUN', 2, '1964-09-24'),
(420, 'NESİBE', 'SAĞDIK', 2, '2009-09-12'),
(421, 'IŞIL', 'ARIKAN YORGUN', 2, '1999-06-17'),
(422, 'NURDAN', 'EKİCİ', 2, '2010-03-27'),
(423, 'MEHPARE', 'KESİM', 2, '2008-02-06'),
(424, 'MEHTAP', 'GÜL', 2, '2014-12-19'),
(425, 'İLKAY', 'YILDIRIM', 2, '2019-05-13'),
(426, 'DÖNE', 'KARAGÖZ', 2, '1988-05-25'),
(427, 'ŞULE', 'PEKEL', 2, '2008-02-04'),
(428, 'NAİLE', 'YAKAR', 2, '1972-03-31'),
(429, 'GÜLPERİ', 'TARLAN', 2, '1956-02-02'),
(430, 'MAKBULE', 'ÇATAK', 2, '1982-06-22'),
(431, 'BAHAR', 'ÇETİNKOR', 2, '1968-03-23'),
(432, 'ZÜLFİ', 'SAYIN', 2, '1983-02-04'),
(433, 'FAHRİYE', 'KURT', 2, '1963-11-16'),
(434, 'KADER', 'GÜMÜŞ', 2, '1993-04-02'),
(435, 'FİLİZ', 'KOCAKAYA ALTUNDAL', 2, '2010-07-23'),
(436, 'FUNDA', 'ÖZMEN', 2, '1987-07-23'),
(437, 'HAPILI', 'GÜNAY', 2, '2005-06-05'),
(438, 'MERİYE', 'DÜZ', 2, '2017-03-10'),
(439, 'HAFİZE', 'DİLEK', 2, '1997-01-01'),
(440, 'İPEK', 'DEMİRTAŞ', 2, '1966-07-17'),
(441, 'NAFİYE', 'KURTULUŞ', 2, '2005-07-16'),
(442, 'NEZİHA', 'KARPUZOĞLU', 2, '2015-04-15'),
(443, 'CANAN', 'ERGİNTÜRK ACAR', 2, '1981-06-09'),
(444, 'CAHİDE', 'BEYOĞLU', 2, '1961-11-20'),
(445, 'BERHAN', 'SULHAN', 2, '1952-07-02'),
(446, 'BELGİN', 'ARSLAN', 2, '2005-02-05'),
(447, 'NECLA', 'NUHVEREN', 2, '1981-02-10'),
(448, 'ELMAS', 'AVCIOĞLU', 2, '1984-03-16'),
(449, 'AYLA', 'AHISKALI', 2, '1984-09-14'),
(450, 'BEYHAN', 'ASENA', 2, '1999-10-11'),
(451, 'ŞEVKİYE', 'KARACAN ERŞEKERCİ', 2, '1976-07-26'),
(452, 'KEZİBAN', 'GÖLEMEZ', 2, '1950-12-16'),
(453, 'OĞUZHAN', 'YILDIRIM', 1, '1954-12-09'),
(454, 'SEZER', 'TOHUMOĞLU', 1, '1977-11-26'),
(455, 'ERDEM', 'ÇELİK', 1, '2012-06-08'),
(456, 'EYUP', 'BOZARSLAN', 1, '1999-08-19'),
(457, 'NECİP', 'KÖŞKER', 1, '2001-06-24'),
(458, 'ŞAHİN', 'ÇELİK', 1, '2000-09-30'),
(459, 'SUAT', 'SÜL', 1, '1981-12-21'),
(460, 'ERDOĞAN', 'KORKMAZ', 1, '1972-01-26'),
(461, 'MUAFAK', 'TARKAN', 1, '2004-09-20'),
(462, 'MUHARREM', 'DUMAN', 1, '1995-09-24'),
(463, 'EDİP', 'HODJAOGLU', 1, '1988-02-12'),
(464, 'ERTAN', 'BALLI', 1, '1961-12-26'),
(465, 'CAN', 'ŞATIROĞLU', 1, '2015-01-18'),
(466, 'MUHSİN', 'ÖNDE', 1, '1982-03-28'),
(467, 'İLHAMİ', 'LAĞARLI', 1, '1977-01-07'),
(468, 'CUMAALİ', 'ÖZÇAY', 1, '1978-01-17'),
(469, 'ABDULBAKİ', 'ARSLAN', 1, '2005-08-31'),
(470, 'CUMHUR', 'AKDEMİR', 1, '2003-11-17'),
(471, 'NEJDET', 'İÇBAY', 1, '2010-09-21'),
(472, 'ÜZEYİR', 'AKIN', 1, '1993-08-04'),
(473, 'SEFA', 'DEMİRÖZ', 1, '2010-04-17'),
(474, 'MEVLANE', 'KUYUCU', 1, '1987-06-02'),
(475, 'SERCAN', 'SELÇUK', 1, '1994-09-21'),
(476, 'ÖZHAN', 'İNCE', 1, '1961-02-08'),
(477, 'MÜJDAT', 'ERGÜLÜ EŞMEN', 1, '2015-08-19'),
(478, 'MUHAMMER', 'GÖKALP', 1, '1980-03-04'),
(479, 'ABUZER', 'BABACAN', 1, '2019-09-12'),
(480, 'LİFAT', 'ÜLGER', 1, '1991-03-30'),
(481, 'TALİP', 'AYVAZ', 1, '1977-09-18'),
(482, 'YUNİS', 'ELVERDİ', 1, '1958-02-08'),
(483, 'MUTTALİP', 'AYDIN', 1, '1953-11-18'),
(484, 'SADET', 'DEMİREL', 1, '1986-05-31'),
(485, 'İMRAN', 'CİMBEK', 1, '1984-02-28'),
(486, 'ZATİ', 'FIRAT', 1, '2006-05-06'),
(487, 'SEYFULLAH', 'BAHÇEBAŞI', 1, '1993-09-09'),
(488, 'HANİFİ', 'DAM', 1, '1986-11-18'),
(489, 'CABBAR', 'KÖROĞLU', 1, '1997-06-22'),
(490, 'MECİT', 'ÖZÇELİK', 1, '2005-07-04'),
(491, 'ERGÜN', 'KARACA', 1, '1967-10-19'),
(492, 'BAHTİYAR', 'SEVEN', 1, '1971-05-30'),
(493, 'GÜLTEKİN', 'ÖZKURT', 1, '1957-06-19'),
(494, 'TAYYAR', 'ALTUN', 1, '1997-10-10'),
(495, 'MUCAHADDİN', 'BÜYÜKTAŞ', 1, '1996-05-02'),
(496, 'ŞEVKİ', 'SERTKAYA', 1, '1955-04-01'),
(497, 'CAVİT', 'ÖVEN USTAALİOĞLU', 1, '1978-01-11'),
(498, 'NİZAMETTİN', 'YALNIZ', 1, '1972-01-27'),
(499, 'FERAMİZ', 'SAVAŞ', 1, '1996-08-09'),
(500, 'ÖZDİLEK', 'YILMAZ', 1, '1994-12-17'),
(501, 'GÜNGÖR', 'ÇELİK', 1, '1980-10-29'),
(502, 'ABDULVAHAP', 'SARAL', 1, '1953-03-01'),
(503, 'EFE', 'ŞEN', 1, '1990-01-25'),
(504, 'TOLGA', 'KANDEMİR', 1, '1974-11-25'),
(505, 'ÖZGÜR', 'ÇEVİK', 1, '1977-07-23'),
(506, 'RIDVAN', 'ERKURAN', 1, '1988-03-15'),
(507, 'ZEYNİ', 'TÜTEN', 1, '1992-08-20'),
(508, 'İHSAN', 'ÖZTÜRK', 1, '1954-05-30'),
(509, 'ŞABAN', 'YÜZBAŞIOĞLU', 1, '2008-08-01'),
(510, 'AZMİ', 'VURAL', 1, '1994-07-02'),
(511, 'SABRİ', 'YÜCEL', 1, '2010-01-15'),
(512, 'ÖZCAN', 'SÖNMEZ', 1, '1991-12-20'),
(513, 'SELİM', 'ERTEKİN', 1, '1995-07-31'),
(514, 'RAYİF', 'DEDE', 1, '1998-11-25'),
(515, 'ÜNAL', 'UYANIK', 1, '1993-01-09'),
(516, 'ATİLLA', 'ASLAN', 1, '2006-05-08'),
(517, 'AYKUT', 'AKBULUT', 1, '2015-05-21'),
(518, 'YEKTA', 'ORHON', 1, '2010-11-19'),
(519, 'ÜMÜT', 'UZ', 1, '2002-10-13'),
(520, 'EMİN', 'YAVUZ', 1, '1969-08-07'),
(521, 'YAHYA', 'ERDEM', 1, '1985-12-07'),
(522, 'GAZİ', 'KULAÇ', 1, '1959-12-19'),
(523, 'UMUR', 'KAYA', 1, '1988-04-25'),
(524, 'SABAHATDİN', 'SELVİ', 1, '1964-05-02'),
(525, 'ENZA', 'AKPINAR', 1, '1966-06-15'),
(526, 'EBA', 'ABACIOĞLU', 1, '1963-07-28'),
(527, 'MÜSLÜM', 'ÇAY', 1, '1992-02-01'),
(528, 'HALİT', 'IŞIK', 1, '2003-10-23'),
(529, 'YÜKSEL', 'ÖZER', 1, '2011-12-12'),
(530, 'MÜCAHİT', 'ÖZDEMİR', 1, '1965-08-12'),
(531, 'LEVENT', 'ÖZTÜRK', 1, '1982-04-25'),
(532, 'SEYFİ', 'TAHTACI', 1, '1969-04-05'),
(533, 'İCABİ', 'BÜYÜKCAM', 1, '1954-05-12'),
(534, 'AZİZ', 'KULAKSIZ', 1, '1973-02-05'),
(535, 'ŞAMİL', 'AKSEL', 1, '1971-06-27'),
(536, 'NESİN', 'EROĞLU', 1, '2010-04-26'),
(537, 'KAZİM', 'KARAKUM', 1, '1971-09-28'),
(538, 'ENVER', 'DAL', 1, '1996-03-21'),
(539, 'AYHAN', 'ÖCAL', 1, '2019-01-04'),
(540, 'TAHSİN', 'AYHAN', 1, '2019-07-13'),
(541, 'BEDRETTİN', 'YİĞİT', 1, '1981-10-04'),
(542, 'ABDURRAHMAN', 'YARBİL', 1, '1953-08-12'),
(543, 'BAHRİ', 'CANACANKATAN', 1, '1960-05-23'),
(544, 'KAZIM', 'GÜMÜŞAY', 1, '1968-09-16'),
(545, 'KERİM', 'MURT', 1, '2014-10-05'),
(546, 'SAİT', 'HALHALLI', 1, '1984-03-14'),
(547, 'ZEKERİYE', 'ULUÖZ', 1, '1984-01-13'),
(548, 'ZEKİ', 'ŞEYHANLI', 1, '1958-04-10'),
(549, 'UYAR', 'ÇALIŞKANTÜRK', 1, '2011-12-24'),
(550, 'FAHRİ', 'YILMAZ', 1, '1967-01-01'),
(551, 'İDRİS', 'SARAÇOĞLU', 1, '1952-11-19'),
(552, 'ÖNDER', 'SEZER', 1, '2019-01-15'),
(553, 'SAMİ', 'DOĞAN', 1, '2007-10-18'),
(554, 'FERDİ', 'DEMİR', 1, '2010-01-11'),
(555, 'CANAN', 'KAYAYURT', 1, '1989-06-02'),
(556, 'MUSLU', 'SÜRÜM', 1, '1960-06-11'),
(557, 'BERAT', 'YAVAŞİ', 1, '1961-01-24'),
(558, 'HÜDAVERDİ', 'TURGUT', 1, '1980-10-26'),
(559, 'NAİL', 'ŞEN TANRIKULU', 1, '2012-11-03'),
(560, 'RECAİ', 'BARBAROS', 1, '1965-05-18'),
(561, 'SEYFETTİN', 'ALDİNÇ', 1, '1995-07-20'),
(562, 'YILDIRAY', 'TEKİN', 1, '1957-11-06'),
(563, 'EKREM', 'GÜLŞAN', 1, '1986-05-06'),
(564, 'NEDİM', 'KÜFECİLER', 1, '2010-02-10'),
(565, 'ŞEREF', 'ALMACIOĞLU', 1, '1996-07-12'),
(566, 'VEDAT', 'ÇİLDİR', 1, '1957-03-09'),
(567, 'NASIF', 'TÜRKDOĞAN', 1, '1952-01-19'),
(568, 'ERTUĞRUL', 'KAYA', 1, '1969-04-12'),
(569, 'ENGİN', 'ÖNER', 1, '1990-10-24'),
(570, 'SEZAYİ', 'ŞELİMAN', 1, '2002-11-13'),
(571, 'ARMAĞAN', 'YAMAN', 1, '2008-12-02'),
(572, 'ŞERİF', 'ATİK', 1, '1994-06-22'),
(573, 'HAŞİM', 'YİĞİT', 1, '1993-11-09'),
(574, 'DOĞAN', 'GİRAY', 1, '2016-09-08'),
(575, 'MEHTİ', 'YALÇINKAYA', 1, '1970-09-25'),
(576, 'HABİP', 'KILIÇ', 1, '2016-04-06'),
(577, 'MUAMMER', 'ŞENTÜRK', 1, '1951-09-03'),
(578, 'HAYRULLAH', 'KARABAĞ', 1, '2001-10-01'),
(579, 'KANİ', 'DEĞİRMENCİ', 1, '1965-08-27'),
(580, 'APDİ', 'BODUROĞLU', 1, '1996-10-12'),
(581, 'EYÜP', 'YILDIZ', 1, '1952-05-21'),
(582, 'MAHSUL', 'GÜLER', 1, '2015-08-24'),
(583, 'EYYÜP', 'ERASLAN', 1, '2003-11-11'),
(584, 'GÜMÜŞ', 'ÜZER', 1, '2001-12-18'),
(585, 'NUSRET', 'PİŞİRGEN', 1, '1960-03-30'),
(586, 'HALİM', 'ADANIR', 1, '2000-02-09'),
(587, 'ŞEFİK', 'KOÇ', 1, '1979-09-26'),
(588, 'BİROL', 'KORKMAZ', 1, '1976-10-13'),
(589, 'SADULLAH', 'YENİDOĞAN', 1, '1991-03-05'),
(590, 'HAYATİ', 'AYDOĞAN', 1, '1974-11-19'),
(591, 'MUHAMMED', 'ACARBULUT', 1, '1969-07-08'),
(592, 'ABDULVAHİTTİN', 'ERGE', 1, '2014-05-08'),
(593, 'ŞENOL', 'ERDOĞAN', 1, '2010-06-07'),
(594, 'BAŞAR', 'ÖĞÜT AYDIN', 1, '1971-08-07'),
(595, 'BİLİR', 'KUŞKU', 1, '2012-08-02'),
(596, 'URAL', 'KUCUR TÜLÜBAŞ', 1, '1954-02-05'),
(597, 'SAHİT', 'PEKTAŞ', 1, '1982-05-17'),
(598, 'RUHİ', 'KAYACAN', 1, '1954-12-04'),
(599, 'GÜRSEL', 'GÜLEN', 1, '1999-09-07'),
(600, 'NEŞET', 'DOĞAN', 1, '1980-06-12'),
(601, 'EŞREF', 'AYDIN BADILLIOĞLU', 1, '1993-09-22'),
(602, 'OĞUZHAN', 'GÜLEN AKKÜÇÜK', 1, '1968-06-14'),
(603, 'SEZER', 'CANDAN', 1, '1971-05-25'),
(604, 'ERDEM', 'TEMEL', 1, '1999-08-03'),
(605, 'EYUP', 'YENİGÜN', 1, '1981-09-23'),
(606, 'NECİP', 'YILDIRIM', 1, '1991-05-16'),
(607, 'ŞAHİN', 'BEDER', 1, '1966-10-13'),
(608, 'SUAT', 'AKINCI', 1, '1953-12-28'),
(609, 'ERDOĞAN', 'ÖZDEMİR', 1, '2006-06-21'),
(610, 'MUAFAK', 'ONUK', 1, '1975-06-30'),
(611, 'MUHARREM', 'AYDOĞAN', 1, '1967-04-09'),
(612, 'EDİP', 'YILMAZ', 1, '1987-12-07'),
(613, 'ERTAN', 'AKCAN ATASOY', 1, '1958-03-07'),
(614, 'CAN', 'SARAÇOĞLU ÇEKİÇ', 1, '1964-02-19'),
(615, 'MUHSİN', 'CÖMERT', 1, '2016-05-22'),
(616, 'İLHAMİ', 'TOPAL', 1, '1991-03-01'),
(617, 'CUMAALİ', 'KARAHAN', 1, '1987-11-20'),
(618, 'ABDULBAKİ', 'ŞAHİN', 1, '1960-07-28'),
(619, 'CUMHUR', 'ÇETİN', 1, '1984-12-23'),
(620, 'NEJDET', 'YILMAZ İNAL', 1, '1995-03-18'),
(621, 'ÜZEYİR', 'AYTAÇ', 1, '1954-10-28'),
(622, 'SEFA', 'YILDIZ ALTUN', 1, '2004-12-17'),
(623, 'MEVLANE', 'KİŞİ', 1, '2002-08-25'),
(624, 'SERCAN', 'GÜNDÜZ', 1, '1990-08-09'),
(625, 'ÖZHAN', 'ÖZKURT PÜRCÜ', 1, '2001-08-13'),
(626, 'MÜJDAT', 'AK', 1, '1965-10-07'),
(627, 'MUHAMMER', 'URFALI', 1, '1964-02-11'),
(628, 'ABUZER', 'KARAMAN', 1, '1956-12-17'),
(629, 'LİFAT', 'MEMETOĞLU', 1, '1966-02-10'),
(630, 'TALİP', 'KAZBEK', 1, '1985-08-20'),
(631, 'YUNİS', 'KİREÇÇİ', 1, '1990-10-28'),
(632, 'MUTTALİP', 'AKIN', 1, '1979-06-17'),
(633, 'SADET', 'YADİGAROĞLU', 1, '1987-09-05'),
(634, 'İMRAN', 'YÜKSEL', 1, '2014-01-19'),
(635, 'ZATİ', 'ÖZÇELİK ORAL', 1, '1977-02-11'),
(636, 'SEYFULLAH', 'BABUŞ', 1, '1984-07-23'),
(637, 'HANİFİ', 'KAPLAN', 1, '1952-05-18'),
(638, 'CABBAR', 'AKÖZ', 1, '1989-03-22'),
(639, 'MECİT', 'KARTAL', 1, '2015-03-27'),
(640, 'ERGÜN', 'BİLGİÇ', 1, '1987-08-15'),
(641, 'BAHTİYAR', 'ERDEN', 1, '1958-04-15'),
(642, 'GÜLTEKİN', 'TUĞCUGİL', 1, '2012-11-21'),
(643, 'TAYYAR', 'KUMRAL', 1, '1982-03-03'),
(644, 'MUCAHADDİN', 'ERBAŞ', 1, '1952-02-07'),
(645, 'ŞEVKİ', 'ORAL', 1, '1956-03-22'),
(646, 'CAVİT', 'KILAÇ', 1, '1990-04-08'),
(647, 'NİZAMETTİN', 'CENGİZ', 1, '2003-01-01'),
(648, 'FERAMİZ', 'YILDIRIM', 1, '1977-01-01'),
(649, 'ÖZDİLEK', 'KUTLUCAN BAĞCI', 1, '2014-07-20'),
(650, 'GÜNGÖR', 'BALABAN', 1, '2002-04-04'),
(651, 'ABDULVAHAP', 'KAYA', 1, '2010-11-21'),
(652, 'İBAYET', 'BALCI', 1, '1983-09-01'),
(653, 'RESUL', 'TÜFEKÇİ', 1, '2014-12-01'),
(654, 'SAİD', 'ATAY', 1, '2017-10-21'),
(655, 'HAKVERDİ', 'YARAR', 1, '2011-01-12'),
(656, 'ÜNSAL', 'SEVER', 1, '2014-06-30'),
(657, 'VAHDİ', 'YILDIRIM', 1, '1981-06-08'),
(658, 'KUDURET', 'ARSLAN KAŞDOĞAN', 1, '1988-04-25'),
(659, 'ŞENER', 'ARKAN', 1, '1955-10-31'),
(660, 'ABDUL', 'TUTAŞ', 1, '1951-11-08'),
(661, 'NEBİ', 'ÖZTÜRK', 1, '2003-11-11'),
(662, 'TAHİR', 'HAVAS', 1, '1951-08-17'),
(663, 'HAYRETTİN', 'SEÇİR', 1, '1959-05-06'),
(664, 'SEÇKİN', 'YILDIZ', 1, '2015-03-13'),
(665, 'TUFAN', 'SOYKAMER', 1, '2007-06-23'),
(666, 'ÇETİN', 'BEKTAŞ', 1, '2000-08-23'),
(667, 'SADETTİN', 'BERK', 1, '1994-01-03'),
(668, 'MAHSUNİ', 'GÜL', 1, '1970-02-28'),
(669, 'YALÇIN', 'GEDİK YILMAZ', 1, '2004-03-14'),
(670, 'SAADETTİN', 'CENGİZ', 1, '1962-03-31'),
(671, 'SAADET', 'ÇOLAK', 1, '2018-02-08'),
(672, 'TANJU', 'BULUT', 1, '1982-03-23'),
(673, 'ALİM', 'SARI', 1, '1992-03-15'),
(674, 'NABİ', 'AKYOL', 1, '1981-02-20'),
(675, 'CUMA', 'BAĞCIK', 1, '2004-06-15'),
(676, 'ERHALİL', 'KUTLUYURDU', 1, '1965-07-26'),
(677, 'EFRAİL', 'DEMİRGAN', 1, '1985-08-16'),
(678, 'HAMDİ', 'YİĞİT KUPLAY', 1, '2017-04-06'),
(679, 'SEMİH', 'GERİLMEZ', 1, '1950-07-10'),
(680, 'İBİŞ', 'DÜZKALIR', 1, '1968-07-21'),
(681, 'FETTAH', 'KÖKSOY', 1, '2001-03-21'),
(682, 'GÜRCAN', 'GÜLŞEN', 1, '1974-06-09'),
(683, 'ESER', 'AKAR', 1, '1961-03-15'),
(684, 'RAKİM', 'ÖZDOĞAN', 1, '1969-01-04'),
(685, 'SABAHİTTİN', 'TÖNGE', 1, '1986-01-17'),
(686, 'HAMİT', 'YASA', 1, '2000-04-26'),
(687, 'FATİN', 'ÖNVERMEZ', 1, '1991-03-29'),
(688, 'ASIM', 'YILDIRIM', 1, '2000-08-02'),
(689, 'ZEYNEL', 'BİÇER', 1, '1997-04-12'),
(690, 'ABİDİN', 'KARADEMİR', 1, '1979-04-19'),
(691, 'İSAK', 'ALIMLI', 1, '1970-11-17'),
(692, 'TAYİP', 'AKGÜL', 1, '1972-01-30'),
(693, 'TAYFUR', 'HANCIOĞLU', 1, '1997-01-25'),
(694, 'VERGİ', 'BATÇIK', 1, '1956-05-30'),
(695, 'DURSUN', 'OLPAK', 1, '1988-12-05'),
(696, 'KOCA', 'BOLAT', 1, '1964-05-25'),
(697, 'ÜVEYİS', 'ARSLAN', 1, '1976-02-18'),
(698, 'ZİNNUR', 'SİĞA', 1, '2009-06-06'),
(699, 'SEYDİ', 'MERCAN', 1, '1958-12-27'),
(700, 'NEZİR', 'BOZKURTER', 1, '2010-12-31'),
(701, 'ABDUSSETTER', 'GÜLER', 1, '1954-05-28'),
(702, 'İSHAK', 'ERGİNEL', 1, '1968-03-02'),
(703, 'MİHRİBAN', 'ŞEN', 2, '1958-06-01'),
(704, 'TUĞÇE', 'KANDEMİR', 2, '2012-03-13'),
(705, 'SÜREYYA', 'ÇEVİK', 2, '1960-06-18'),
(706, 'BETÜL', 'ERKURAN', 2, '2010-09-27'),
(707, 'SALİME', 'TÜTEN', 2, '1969-02-10'),
(708, 'FERRAHNAZ', 'ÖZTÜRK', 2, '1969-06-11'),
(709, 'JALE', 'YÜZBAŞIOĞLU', 2, '2008-09-11'),
(710, 'BİRGÜL', 'VURAL', 2, '1953-11-06'),
(711, 'YELİZ', 'YÜCEL', 2, '1978-10-17'),
(712, 'AYGÜL', 'SÖNMEZ', 2, '2000-05-04'),
(713, 'ÖZNUR', 'ERTEKİN', 2, '1989-05-26'),
(714, 'MİNE', 'DEDE', 2, '2001-04-19'),
(715, 'MISRA', 'UYANIK', 2, '1965-11-25'),
(716, 'DİNDAR', 'ASLAN', 2, '1958-07-10'),
(717, 'GÜLSEREN', 'AKBULUT', 2, '1952-08-07'),
(718, 'GANİME', 'ORHON', 2, '1965-03-16'),
(719, 'MÜMÜNE', 'UZ', 2, '2009-04-29'),
(720, 'SELDA', 'YAVUZ', 2, '1993-06-28'),
(721, 'GÜLFATMA', 'ERDEM', 2, '2005-02-02'),
(722, 'BEHİCE', 'KULAÇ', 2, '1962-09-30'),
(723, 'MENEKŞE', 'KAYA', 2, '2001-02-09'),
(724, 'HAMİDE', 'SELVİ', 2, '2017-06-18'),
(725, 'MÜFİDE', 'AKPINAR', 2, '1969-07-12'),
(726, 'EMEL', 'ABACIOĞLU', 2, '2008-11-02'),
(727, 'BAHRİYE', 'ÇAY', 2, '1981-02-03'),
(728, 'GÜLSÜN', 'IŞIK', 2, '1970-07-16'),
(729, 'DENİZ', 'ÖZER', 2, '1984-11-02'),
(730, 'ŞENAY', 'ÖZDEMİR', 2, '1958-04-23'),
(731, 'ZÜHAL', 'ÖZTÜRK', 2, '1976-04-04'),
(732, 'RABİYE', 'TAHTACI', 2, '1986-01-28'),
(733, 'ASUMAN', 'BÜYÜKCAM', 2, '1977-07-18'),
(734, 'SEYCAN', 'KULAKSIZ', 2, '1953-01-24'),
(735, 'ESİN', 'AKSEL', 2, '1994-04-19'),
(736, 'HANİFE', 'EROĞLU', 2, '1987-10-06'),
(737, 'SANİYE', 'KARAKUM', 2, '1975-06-07'),
(738, 'HİCRAN', 'DAL', 2, '2015-08-09'),
(739, 'CANHÜDE', 'ÖCAL', 2, '1994-01-18'),
(740, 'HİDAYET', 'AYHAN', 2, '1951-02-17'),
(741, 'AYNUR', 'YİĞİT', 2, '1964-01-06'),
(742, 'GÜLNAZ', 'YARBİL', 2, '1993-05-06'),
(743, 'AZİME', 'CANACANKATAN', 2, '1962-01-01'),
(744, 'NAZLI', 'GÜMÜŞAY', 2, '2002-06-10'),
(745, 'SABİHA', 'MURT', 2, '1967-09-17'),
(746, 'NURGÜL', 'HALHALLI', 2, '1982-04-25'),
(747, 'NAHİDE', 'ULUÖZ', 2, '2013-09-13'),
(748, 'ATİYE', 'ŞEYHANLI', 2, '2018-12-19'),
(749, 'NERGİZ', 'ÇALIŞKANTÜRK', 2, '2006-07-11'),
(750, 'ÜLVİYE', 'YILMAZ', 2, '1968-12-27'),
(751, 'NESRİN', 'SARAÇOĞLU', 2, '1966-08-10'),
(752, 'HALİDE', 'SEZER', 2, '1977-02-08'),
(753, 'SÜMEYYA', 'DOĞAN', 2, '2007-11-14'),
(754, 'ÜTİYE', 'DEMİR', 2, '1986-07-20'),
(755, 'MÜZEYYEN', 'KAYAYURT', 2, '2015-03-11'),
(756, 'MAHMUDE', 'SÜRÜM', 2, '1997-12-09'),
(757, 'ÜRÜYAN', 'YAVAŞİ', 2, '1966-12-05'),
(758, 'CİHAN', 'TURGUT', 2, '2010-10-22'),
(759, 'ŞÜKRİYE', 'ŞEN TANRIKULU', 2, '1960-05-05'),
(760, 'ŞEYMA', 'BARBAROS', 2, '2001-03-06'),
(761, 'SALİHA', 'ALDİNÇ', 2, '2005-08-12'),
(762, 'FATTİŞ', 'TEKİN', 2, '1972-12-28'),
(763, 'SONAY', 'GÜLŞAN', 2, '2016-11-05'),
(764, 'RUHKİYE', 'KÜFECİLER', 2, '1971-03-18'),
(765, 'MÜESSER', 'ALMACIOĞLU', 2, '2016-01-06'),
(766, 'FİRDES', 'ÇİLDİR', 2, '1981-06-25'),
(767, 'ZARİF', 'TÜRKDOĞAN', 2, '1962-02-21'),
(768, 'İLKNUR', 'KAYA', 2, '1974-09-30'),
(769, 'SERHAN', 'ÖNER', 2, '2018-11-16'),
(770, 'ADALET', 'ŞELİMAN', 2, '1996-06-03'),
(771, 'MELİHA', 'YAMAN', 2, '1955-02-09'),
(772, 'NİĞMET', 'ATİK', 2, '2010-11-12'),
(773, 'IRAHMA', 'YİĞİT', 2, '1983-02-10'),
(774, 'ŞAYAN', 'GİRAY', 2, '2015-06-30'),
(775, 'CEYLAN', 'YALÇINKAYA', 2, '1959-02-05'),
(776, 'SUZAN', 'KILIÇ', 2, '1952-06-22'),
(777, 'MANOLYA', 'ŞENTÜRK', 2, '1982-02-11'),
(778, 'SEVİL', 'KARABAĞ', 2, '1953-06-16'),
(779, 'GÜLLÜHAN', 'DEĞİRMENCİ', 2, '2011-06-22'),
(780, 'ŞÜHEYDA', 'BODUROĞLU', 2, '2005-02-12'),
(781, 'FİGEN', 'YILDIZ', 2, '1997-04-21'),
(782, 'BİLGE', 'GÜLER', 2, '1961-04-29'),
(783, 'GÜLENDER', 'ERASLAN', 2, '2000-02-14'),
(784, 'ZÜLEYHA', 'ÜZER', 2, '1957-01-21'),
(785, 'GÜLBAHAR', 'PİŞİRGEN', 2, '1968-09-13'),
(786, 'ANIŞ', 'ADANIR', 2, '1987-06-28'),
(787, 'GÜLBEN', 'KOÇ', 2, '2002-05-03'),
(788, 'SERAP', 'KORKMAZ', 2, '2008-09-03'),
(789, 'GÜLDEREN', 'YENİDOĞAN', 2, '1965-03-27'),
(790, 'SEMENGÜL', 'AYDOĞAN', 2, '1978-12-20'),
(791, 'SÜLBİYE', 'ACARBULUT', 2, '1967-07-16'),
(792, 'KADRİYE', 'ERGE', 2, '1952-09-24'),
(793, 'İSMİNAZ', 'ERDOĞAN', 2, '1996-11-19'),
(794, 'PERİHAN', 'ÖĞÜT AYDIN', 2, '1980-02-19'),
(795, 'BEDİHA', 'KUŞKU', 2, '1978-04-17'),
(796, 'ZÜLBİYE', 'KUCUR TÜLÜBAŞ', 2, '2019-02-14'),
(797, 'BEDRİYE', 'PEKTAŞ', 2, '1975-02-04'),
(798, 'ZEYNET', 'KAYACAN', 2, '2019-05-09'),
(799, 'SELBİ', 'GÜLEN', 2, '1983-06-26'),
(800, 'SADİRE', 'DOĞAN', 2, '1954-07-02'),
(801, 'SUZAR', 'AYDIN BADILLIOĞLU', 2, '1950-06-21'),
(802, 'FERİHAN', 'GÜLEN AKKÜÇÜK', 2, '2017-09-18'),
(803, 'KOCA', 'CANDAN', 2, '1958-02-27'),
(804, 'RAHMİYE', 'TEMEL', 2, '2009-02-21'),
(805, 'YILDIZ', 'YENİGÜN', 2, '1950-04-11'),
(806, 'AYSEN', 'YILDIRIM', 2, '1956-09-07'),
(807, 'NEVİM', 'BEDER', 2, '2012-04-03'),
(808, 'SAİME', 'AKINCI', 2, '2014-03-30'),
(809, 'ASLI', 'ÖZDEMİR', 2, '1997-06-10'),
(810, 'MERVE', 'ONUK', 2, '1956-05-02'),
(811, 'TUBAĞ', 'AYDOĞAN', 2, '1987-12-07'),
(812, 'HAMİDİYE', 'YILMAZ', 2, '2018-02-08'),
(813, 'SEBEAT', 'AKCAN ATASOY', 2, '1955-07-18'),
(814, 'SALİHE', 'SARAÇOĞLU ÇEKİÇ', 2, '1974-04-17'),
(815, 'SITTIĞA', 'CÖMERT', 2, '1993-07-15'),
(816, 'FINDIK', 'TOPAL', 2, '1975-08-18'),
(817, 'LUTFİYE', 'KARAHAN', 2, '1974-07-10'),
(818, 'MERAL', 'ŞAHİN', 2, '1981-02-04'),
(819, 'SEMRA', 'ÇETİN', 2, '1989-04-18'),
(820, 'MEHRİBAN', 'YILMAZ İNAL', 2, '1985-01-24'),
(821, 'NİLGÜN', 'AYTAÇ', 2, '2016-03-29'),
(822, 'ÜLKÜ', 'YILDIZ ALTUN', 2, '1994-10-17'),
(823, 'GÜLŞAN', 'KİŞİ', 2, '2011-04-24'),
(824, 'SEKİNE', 'GÜNDÜZ', 2, '1950-10-16'),
(825, 'RAHŞAN', 'ÖZKURT PÜRCÜ', 2, '1987-03-05'),
(826, 'FAİZE', 'AK', 2, '1988-09-19'),
(827, 'GÜNEŞ', 'URFALI', 2, '2011-01-30'),
(828, 'BALLI', 'KARAMAN', 2, '1985-02-16'),
(829, 'GÜRCÜ', 'MEMETOĞLU', 2, '1989-07-31'),
(830, 'GÜLLÜ', 'KAZBEK', 2, '1989-11-06'),
(831, 'LATİFE', 'KİREÇÇİ', 2, '2000-08-12'),
(832, 'HALİSE', 'AKIN', 2, '1990-10-26'),
(833, 'NAZİFE', 'YADİGAROĞLU', 2, '1991-02-22'),
(834, 'ÖZAY', 'YÜKSEL', 2, '1956-01-10'),
(835, 'MÜSTAKİME', 'ÖZÇELİK ORAL', 2, '1997-05-13'),
(836, 'NEZAHAT', 'BABUŞ', 2, '1959-03-09'),
(837, 'MUHLİSE', 'KAPLAN', 2, '1993-11-21'),
(838, 'ŞENGÜL', 'AKÖZ', 2, '1986-08-24'),
(839, 'MİMİNE', 'KARTAL', 2, '1967-02-21'),
(840, 'ESMA', 'BİLGİÇ', 2, '2013-03-15'),
(841, 'MUKADDES', 'ERDEN', 2, '2015-11-15'),
(842, 'GÜLÜSTAN', 'TUĞCUGİL', 2, '2016-02-13'),
(843, 'NEBİYE', 'KUMRAL', 2, '2009-04-02'),
(844, 'AYSUN', 'ERBAŞ', 2, '1982-04-11'),
(845, 'TÜLAY', 'ORAL', 2, '2014-07-09'),
(846, 'SEDİHA', 'KILAÇ', 2, '1950-03-17'),
(847, 'ISMAHAN', 'CENGİZ', 2, '2019-07-02'),
(848, 'ÜNZÜLE', 'YILDIRIM', 2, '1994-10-04'),
(849, 'GÜLŞAH', 'KUTLUCAN BAĞCI', 2, '2006-12-10'),
(850, 'BİRCAN', 'BALABAN', 2, '1985-04-29'),
(851, 'NARİME', 'KAYA', 2, '1987-01-18'),
(852, 'NUR', 'BALCI', 2, '1959-06-15'),
(853, 'FETHANET', 'TÜFEKÇİ', 2, '1965-10-06'),
(854, 'NİYAZ', 'KUMRAL', 1, '2007-06-23'),
(855, 'SEYHAN', 'ERBAŞ', 1, '2000-08-23'),
(856, 'SALİH', 'ORAL', 1, '1994-01-03'),
(857, 'NADİR', 'KILAÇ', 1, '1970-02-28'),
(858, 'ABDULCENAP', 'CENGİZ', 1, '2004-03-14'),
(859, 'YONİS', 'YILDIRIM', 1, '1962-03-31'),
(860, 'BİRKAN', 'KUTLUCAN BAĞCI', 1, '2018-02-08'),
(861, 'TALET', 'BALABAN', 1, '1982-03-23'),
(862, 'TURGAY', 'KAYA', 1, '1992-03-15'),
(863, 'UFUK', 'BALCI', 1, '1981-02-20'),
(864, 'ZEHNİ', 'TÜFEKÇİ', 1, '2004-06-15'),
(865, 'ZÜLKÜF', 'ATAY', 1, '1965-07-26'),
(866, 'ERDAL', 'YARAR', 1, '1985-08-16'),
(867, 'EMRE', 'SEVER', 1, '2017-04-06'),
(868, 'NECMİ', 'YILDIRIM', 1, '1950-07-10'),
(869, 'CÜNEYT', 'ARSLAN KAŞDOĞAN', 1, '1968-07-21'),
(870, 'TEYFİK', 'ARKAN', 1, '2001-03-21'),
(871, 'TANER', 'TUTAŞ', 1, '1974-06-09'),
(872, 'MACİT', 'ÖZTÜRK', 1, '1961-03-15'),
(873, 'BİLAL', 'BÜYÜKTAŞ', 1, '1969-01-04'),
(874, 'TİJEN', 'SERTKAYA', 2, '1986-01-17'),
(875, 'SEVGİ', 'ÖVEN USTAALİOĞLU', 2, '2000-04-26'),
(876, 'AYŞE', 'YALNIZ', 2, '1991-03-29'),
(877, 'DÖNDÜ', 'SAVAŞ', 2, '2000-08-02'),
(878, 'SEHER', 'YILMAZ', 2, '1997-04-12'),
(879, 'YASEMİN', 'ÇELİK', 2, '1979-04-19'),
(880, 'EMİNE', 'SARAL', 2, '1970-11-17'),
(881, 'AYSEL', 'ŞEN', 2, '1972-01-30'),
(882, 'CENNET', 'KANDEMİR', 2, '1997-01-25'),
(883, 'MELAHAT', 'ÇEVİK', 2, '1956-05-30'),
(884, 'ESRA', 'ERKURAN', 2, '1988-12-05'),
(885, 'HİLAL', 'TÜTEN', 2, '1964-05-25'),
(886, 'İMREN', 'ÖZTÜRK', 2, '1976-02-18'),
(887, 'HAYRİYE', 'YÜZBAŞIOĞLU', 2, '2009-06-06'),
(888, 'HATİCE', 'VURAL', 2, '1958-12-27'),
(889, 'HACERE', 'YÜCEL', 2, '2010-12-31'),
(890, 'İRFAN', 'YADİGAROĞLU', 1, '1954-05-28'),
(891, 'KURTULUŞ', 'YÜKSEL', 1, '1968-03-02'),
(892, 'NAİM', 'ÖZÇELİK ORAL', 1, '1958-06-01'),
(893, 'BEYTULLAH', 'BABUŞ', 1, '2012-03-13'),
(894, 'SABİT', 'KAPLAN', 1, '1960-06-18'),
(895, 'CİHANGİR', 'AKÖZ', 1, '2010-09-27'),
(896, 'ZEYBEK', 'KARTAL', 1, '1969-02-10'),
(897, 'SEFER', 'BİLGİÇ', 1, '1969-06-11'),
(898, 'MESUD', 'ERDEN', 1, '2008-09-11'),
(899, 'İMDAT', 'TUĞCUGİL', 1, '1953-11-06'),
(900, 'NERGİZ', 'ÇALIŞKANTÜRK', 2, '1978-10-17'),
(901, 'ÜLVİYE', 'SEZER', 2, '2000-05-04'),
(902, 'NESRİN', 'DOĞAN', 2, '1989-05-26'),
(903, 'HALİDE', 'DEMİR', 2, '2001-04-19'),
(904, 'SÜMEYYA', 'KAYAYURT', 2, '1965-11-25'),
(905, 'ÜTİYE', 'SÜRÜM', 2, '1958-07-10'),
(906, 'MÜZEYYEN', 'YAVAŞİ', 2, '1952-08-07'),
(907, 'MAHMUDE', 'TURGUT', 2, '1965-03-16'),
(908, 'ÜRÜYAN', 'ŞEN TANRIKULU', 2, '2009-04-29'),
(909, 'CİHAN', 'BARBAROS', 2, '1993-06-28'),
(910, 'MESUDE', 'ALDİNÇ', 2, '2005-02-02'),
(911, 'ANŞA', 'TEKİN', 2, '1962-09-30'),
(912, 'NEBİLE', 'GÜLŞAN', 2, '2001-02-09'),
(913, 'KİRAZ', 'KÜFECİLER', 2, '2017-06-18'),
(914, 'GÜLCİHAN', 'ALMACIOĞLU', 2, '1969-07-12'),
(915, 'IRAZ', 'ÇİLDİR', 2, '2008-11-02'),
(916, 'AİŞE', 'TÜRKDOĞAN', 2, '1981-02-03'),
(917, 'MEHRİ', 'KAYA', 2, '1970-07-16'),
(918, 'DİLEK', 'ÖNER', 2, '1984-11-02'),
(919, 'AYNI', 'ŞELİMAN', 2, '1958-04-23'),
(920, 'NERMİN', 'YAMAN', 2, '1976-04-04'),
(921, 'PELİN', 'ATİK', 2, '1986-01-28'),
(922, 'EZGİ', 'YİĞİT', 2, '1977-07-18'),
(923, 'CANAN', 'GİRAY', 2, '1953-01-24'),
(924, 'CAHİDE', 'YALÇINKAYA', 2, '1994-04-19'),
(925, 'BERHAN', 'KILIÇ', 2, '1987-10-06'),
(926, 'BELGİN', 'ŞENTÜRK', 2, '1975-06-07'),
(927, 'NECLA', 'KARABAĞ', 2, '2015-08-09'),
(928, 'ELMAS', 'DEĞİRMENCİ', 2, '1994-01-18'),
(929, 'AYLA', 'BODUROĞLU', 2, '1951-02-17'),
(930, 'BEYHAN', 'YILDIZ', 2, '1964-01-06'),
(931, 'ŞEVKİYE', 'GÜLER', 2, '1993-05-06'),
(932, 'KEZİBAN', 'ERASLAN', 2, '1962-01-01'),
(933, 'OĞUZHAN', 'ÜZER', 1, '2002-06-10'),
(934, 'SEZER', 'PİŞİRGEN', 1, '1967-09-17'),
(935, 'ERDEM', 'ADANIR', 1, '1982-04-25'),
(936, 'EYUP', 'KOÇ', 1, '2013-09-13'),
(937, 'NECİP', 'KORKMAZ', 1, '2018-12-19'),
(938, 'ŞAHİN', 'YENİDOĞAN', 1, '2006-07-11'),
(939, 'SUAT', 'AYDOĞAN', 1, '1968-12-27'),
(940, 'ERDOĞAN', 'ACARBULUT', 1, '1966-08-10'),
(941, 'MUAFAK', 'ERGE', 1, '1977-02-08'),
(942, 'MUHARREM', 'ERDOĞAN', 1, '2007-11-14'),
(943, 'EDİP', 'ÖĞÜT AYDIN', 1, '1986-07-20'),
(944, 'ERTAN', 'KUŞKU', 1, '2015-03-11'),
(945, 'CAN', 'KUCUR TÜLÜBAŞ', 1, '1997-12-09'),
(946, 'MUHSİN', 'PEKTAŞ', 1, '1966-12-05'),
(947, 'İLHAMİ', 'KAYACAN', 1, '2010-10-22'),
(948, 'CUMAALİ', 'GÜLEN', 1, '1960-05-05'),
(949, 'ABDULBAKİ', 'DOĞAN', 1, '2001-03-06'),
(950, 'CUMHUR', 'AYDIN BADILLIOĞLU', 1, '2005-08-12'),
(951, 'NEJDET', 'GÜLEN AKKÜÇÜK', 1, '1972-12-28'),
(952, 'ÜZEYİR', 'CANDAN', 1, '2016-11-05'),
(953, 'SEFA', 'TEMEL', 1, '1971-03-18'),
(954, 'MEVLANE', 'YENİGÜN', 1, '2016-01-06'),
(955, 'SERCAN', 'YILDIRIM', 1, '1981-06-25'),
(956, 'ÖZHAN', 'BEDER', 1, '1962-02-21'),
(957, 'MÜJDAT', 'AKINCI', 1, '1974-09-30'),
(958, 'MUHAMMER', 'ÖZDEMİR', 1, '2018-11-16'),
(959, 'ABUZER', 'ONUK', 1, '1996-06-03'),
(960, 'LİFAT', 'AYDOĞAN', 1, '1955-02-09'),
(961, 'TALİP', 'YILMAZ', 1, '2010-11-12'),
(962, 'YUNİS', 'AKCAN ATASOY', 1, '1983-02-10'),
(963, 'MUTTALİP', 'SARAÇOĞLU ÇEKİÇ', 1, '2015-06-30'),
(964, 'SADET', 'CÖMERT', 1, '1959-02-05'),
(965, 'İMRAN', 'TOPAL', 1, '1952-06-22'),
(966, 'ZATİ', 'KARAHAN', 1, '1982-02-11'),
(967, 'SEYFULLAH', 'ŞAHİN', 1, '1953-06-16'),
(968, 'HANİFİ', 'ÇETİN', 1, '2011-06-22'),
(969, 'CABBAR', 'YILMAZ İNAL', 1, '2005-02-12'),
(970, 'MECİT', 'AYTAÇ', 1, '1997-04-21'),
(971, 'ERGÜN', 'YILDIZ ALTUN', 1, '1961-04-29'),
(972, 'BAHTİYAR', 'KİŞİ', 1, '2000-02-14'),
(973, 'GÜLTEKİN', 'GÜNDÜZ', 1, '1957-01-21'),
(974, 'TAYYAR', 'ÖZKURT PÜRCÜ', 1, '1968-09-13'),
(975, 'MUCAHADDİN', 'AK', 1, '1987-06-28'),
(976, 'ŞEVKİ', 'URFALI', 1, '2002-05-03'),
(977, 'CAVİT', 'KARAMAN', 1, '2018-02-08'),
(978, 'NİZAMETTİN', 'MEMETOĞLU', 1, '1982-03-23'),
(979, 'FERAMİZ', 'KAZBEK', 1, '1992-03-15'),
(980, 'ÖZDİLEK', 'KİREÇÇİ', 1, '1981-02-20'),
(981, 'GÜNGÖR', 'AKIN', 1, '2004-06-15'),
(982, 'ABDULVAHAP', 'YADİGAROĞLU', 1, '1965-07-26'),
(983, 'EFE', 'YÜKSEL', 1, '1985-08-16'),
(984, 'TOLGA', 'ÖZÇELİK ORAL', 1, '2017-04-06'),
(985, 'ÖZGÜR', 'BABUŞ', 1, '1950-07-10'),
(986, 'RIDVAN', 'KAPLAN', 1, '1968-07-21'),
(987, 'ZEYNİ', 'AKÖZ', 1, '2001-03-21'),
(988, 'İHSAN', 'KARTAL', 1, '1974-06-09'),
(989, 'ŞABAN', 'BİLGİÇ', 1, '1961-03-15'),
(990, 'AZMİ', 'ERDEN', 1, '1969-01-04'),
(991, 'SABRİ', 'TUĞCUGİL', 1, '1986-01-17'),
(992, 'ÖZCAN', 'KUMRAL', 1, '2000-04-26'),
(993, 'SELİM', 'ERBAŞ', 1, '1991-03-29'),
(994, 'RAYİF', 'ORAL', 1, '2000-08-02'),
(995, 'ÜNAL', 'KILAÇ', 1, '1997-04-12'),
(996, 'ATİLLA', 'CENGİZ', 1, '1979-04-19'),
(997, 'AYKUT', 'YILDIRIM', 1, '1970-11-17'),
(998, 'YEKTA', 'KUTLUCAN BAĞCI', 1, '1972-01-30'),
(999, 'ÜMÜT', 'BALABAN', 1, '1997-01-25'),
(1000, 'EMİN', 'KAYA', 1, '1956-05-30'),
(1001, 'KAMBER', 'CANACANKATAN', 1, '1957-03-15'),
(1002, 'MEVZU', 'GÜMÜŞAY', 1, '1960-11-13'),
(1003, 'NEÇMİTTİN', 'MURT', 1, '1968-06-16'),
(1004, 'SERDAR', 'HALHALLI', 1, '1963-04-20'),
(1005, 'MEHMETDEDE', 'ULUÖZ', 1, '1962-04-06'),
(1006, 'CİHAN', 'ŞEYHANLI', 1, '1973-02-17'),
(1007, 'ZAFER', 'ÇALIŞKANTÜRK', 1, '1970-01-20'),
(1008, 'TEVFİK', 'YILMAZ', 1, '1974-11-13'),
(1009, 'HACI', 'SARAÇOĞLU', 1, '1954-03-11'),
(1010, 'RIZA', 'SEZER', 1, '2016-01-03'),
(1011, 'YASİN', 'DOĞAN', 1, '1991-06-21'),
(1012, 'RAFET', 'DEMİR', 1, '2015-10-31'),
(1013, 'SERDAL', 'KAYAYURT', 1, '1986-02-05'),
(1014, 'SELAİDDİN', 'SÜRÜM', 1, '1956-09-13'),
(1015, 'BÜLENT', 'YAVAŞİ', 1, '2003-06-27'),
(1016, 'BARIŞ', 'TURGUT', 1, '1999-06-06'),
(1017, 'FIRAT', 'ŞEN TANRIKULU', 1, '1987-06-21'),
(1018, 'DURMUŞALİ', 'BARBAROS', 1, '1984-07-20'),
(1019, 'ZİYA', 'ALDİNÇ', 1, '1970-02-16'),
(1020, 'MESUT', 'TEKİN', 1, '1967-01-22'),
(1021, 'SİNAN', 'GÜLŞAN', 1, '1998-11-30'),
(1022, 'MEMİLİ', 'CÖMERT', 1, '2005-01-20'),
(1023, 'DEDE', 'TOPAL', 1, '2020-06-03'),
(1024, 'ERDİNÇ', 'KARAHAN', 1, '1990-08-25'),
(1025, 'NURİ', 'ŞAHİN', 1, '1960-04-13'),
(1026, 'SAVAŞ', 'ÇETİN', 1, '1975-10-18'),
(1027, 'RECEP', 'YILMAZ İNAL', 1, '1981-08-13'),
(1028, 'MUHAMMET', 'AYTAÇ', 1, '1965-02-05'),
(1029, 'MİRAZ', 'YILDIZ ALTUN', 1, '1990-12-29'),
(1030, 'NURİTTİN', 'KİŞİ', 1, '1965-12-17'),
(1031, 'İRFAN', 'GÜNDÜZ', 1, '1952-02-05'),
(1032, 'KURTULUŞ', 'ÖZKURT PÜRCÜ', 1, '1971-12-21'),
(1033, 'NAİM', 'AK', 1, '2019-02-06'),
(1034, 'BEYTULLAH', 'URFALI', 1, '1971-10-26'),
(1035, 'SABİT', 'KARAMAN', 1, '1985-08-05'),
(1036, 'CİHANGİR', 'MEMETOĞLU', 1, '2014-10-29'),
(1037, 'ZEYBEK', 'KAZBEK', 1, '2002-09-22'),
(1038, 'SEFER', 'KİREÇÇİ', 1, '2019-05-10'),
(1039, 'MESUD', 'AKIN', 1, '1996-09-08'),
(1040, 'İMDAT', 'YADİGAROĞLU', 1, '1993-05-24'),
(1041, 'CEMİL', 'YÜKSEL', 1, '1953-09-11'),
(1042, 'ADEM', 'ÖZÇELİK ORAL', 1, '2018-03-31'),
(1043, 'MİTAT', 'BABUŞ', 1, '1987-12-27'),
(1044, 'HIDIR', 'KAPLAN', 1, '1999-03-30'),
(1045, 'FATİH', 'AKÖZ', 1, '2009-08-24'),
(1046, 'YILMAZ', 'KARTAL', 1, '1986-07-31'),
(1047, 'EYYUP', 'BİLGİÇ', 1, '2004-06-02'),
(1048, 'FEYZİ', 'ERDEN', 1, '1977-04-30'),
(1049, 'MEHMETALİ', 'TUĞCUGİL', 1, '2013-11-20'),
(1050, 'İMİR', 'KUMRAL', 1, '1988-09-26'),
(1051, 'SELAHİDDİN', 'ERBAŞ', 1, '1970-03-14'),
(1052, 'HAYRİ', 'ORAL', 1, '1970-08-27'),
(1053, 'NİHAT', 'KILAÇ', 1, '2003-04-10'),
(1054, 'YAŞAR', 'CENGİZ', 1, '1960-03-19'),
(1055, 'NEÇDET', 'YILDIRIM', 1, '1996-04-10'),
(1056, 'SERHAT', 'KUTLUCAN BAĞCI', 1, '1951-01-06'),
(1057, 'İLYAS', 'BALABAN', 1, '1980-03-20'),
(1058, 'FİKRET', 'KAYA', 1, '1993-11-16'),
(1059, 'SABAHATDİN', 'BALCI', 1, '1952-12-17'),
(1060, 'ENZA', 'TÜFEKÇİ', 1, '1983-01-29'),
(1061, 'EBA', 'ATAY', 1, '1977-08-13'),
(1062, 'MÜSLÜM', 'YARAR', 1, '2013-10-13'),
(1063, 'HALİT', 'SEVER', 1, '1956-08-01'),
(1064, 'YÜKSEL', 'YILDIRIM', 1, '1962-06-25'),
(1065, 'MÜCAHİT', 'ARSLAN KAŞDOĞAN', 1, '1950-09-04'),
(1066, 'LEVENT', 'ARKAN', 1, '1950-09-19'),
(1067, 'SEYFİ', 'TUTAŞ', 1, '2012-01-29'),
(1068, 'İCABİ', 'ÖZTÜRK', 1, '1957-05-21'),
(1069, 'AZİZ', 'HAVAS', 1, '1977-08-26'),
(1070, 'ŞAMİL', 'SEÇİR', 1, '2017-12-31'),
(1071, 'NESİN', 'YILDIZ', 1, '2011-10-16'),
(1072, 'KAZİM', 'SOYKAMER', 1, '1999-06-10'),
(1073, 'ENVER', 'BEKTAŞ', 1, '1964-06-20'),
(1074, 'AYHAN', 'HANCIOĞLU', 1, '1988-03-27'),
(1075, 'TAHSİN', 'BATÇIK', 1, '1980-06-08'),
(1076, 'BEDRETTİN', 'OLPAK', 1, '1971-07-13'),
(1077, 'ABDURRAHMAN', 'BOLAT', 1, '2014-11-16'),
(1078, 'BAHRİ', 'ARSLAN', 1, '1983-07-05'),
(1079, 'KAZIM', 'SİĞA', 1, '2007-06-15'),
(1080, 'KERİM', 'MERCAN', 1, '2004-02-27'),
(1081, 'SAİT', 'BOZKURTER', 1, '1996-01-19'),
(1082, 'TALİP', 'GÜLER', 1, '1975-01-21'),
(1083, 'YUNİS', 'ERGİNEL', 1, '1968-11-22'),
(1084, 'MUTTALİP', 'ŞAHİN', 1, '1980-09-25'),
(1085, 'SADET', 'KADAK', 1, '2005-03-10'),
(1086, 'İMRAN', 'GÜNEY KOCABAŞ', 1, '1983-03-04'),
(1087, 'ZATİ', 'GAYRETLİ AYDIN', 1, '1994-02-27'),
(1088, 'SEYFULLAH', 'HEPKAYA', 1, '1952-03-12'),
(1089, 'HANİFİ', 'BAYRAM', 1, '1975-09-09'),
(1090, 'CABBAR', 'KANIK YÜKSEK', 1, '1960-12-05'),
(1091, 'MECİT', 'GÖZCÜ', 1, '1988-07-24'),
(1092, 'ERGÜN', 'BAYSAL', 1, '2016-12-23'),
(1093, 'BAHTİYAR', 'TUNCEL', 1, '1959-02-04'),
(1094, 'GÜLTEKİN', 'ÇETEMEN', 1, '1998-09-18'),
(1095, 'TAYYAR', 'YILMAZ', 1, '1965-07-11'),
(1096, 'MUCAHADDİN', 'GİNİŞ', 1, '1956-08-02'),
(1097, 'ŞEVKİ', 'UZUN', 1, '1999-01-24'),
(1098, 'CAVİT', 'NASIROĞLU', 1, '1978-05-06'),
(1099, 'NİZAMETTİN', 'SEZGİN', 1, '1974-11-05'),
(1100, 'FERAMİZ', 'ÖZTÜRK', 1, '1986-07-14'),
(1101, 'ÖZDİLEK', 'YILDIRIM', 1, '1986-01-17'),
(1102, 'GÜNGÖR', 'UZUN', 1, '1991-07-14'),
(1103, 'ABDULVAHAP', 'BULUR', 1, '1988-06-24'),
(1104, 'İBAYET', 'DUYSAK', 1, '2019-09-10'),
(1105, 'RESUL', 'YENİN', 1, '1989-03-09'),
(1106, 'SAİD', 'DEMİREL', 1, '2016-02-01'),
(1107, 'HAKVERDİ', 'ÖDEN', 1, '2011-05-18'),
(1108, 'ÜNSAL', 'DEMİRAY', 1, '1964-04-30'),
(1109, 'VAHDİ', 'AYHAN', 1, '1989-02-17'),
(1110, 'KUDURET', 'YAĞCI', 1, '2003-07-05'),
(1111, 'FEYZULLAH', 'AVCI', 1, '1996-12-02'),
(1112, 'MEMET', 'BAYGELDİ', 1, '1978-06-15'),
(1113, 'REFİK', 'BÜKÜM', 1, '2003-11-30'),
(1114, 'ABDURAHMAN', 'DİNCER', 1, '2004-09-23'),
(1115, 'DANYAL', 'DOĞAN', 1, '1970-07-27'),
(1116, 'FAİK', 'EKİZ', 1, '1968-01-28'),
(1117, 'ELYAS', 'ŞAHİNER', 1, '1983-08-02'),
(1118, 'SALAHİTDİN', 'ŞENGÜL', 1, '2007-07-13'),
(1119, 'MEVLA', 'DEMİR', 1, '1961-11-27'),
(1120, 'EFENDİ', 'ERDEM', 1, '1993-09-07'),
(1121, 'HASRET', 'KARAMANLI', 1, '1977-12-07'),
(1122, 'FAYIK', 'SADİ AYKAN', 1, '1952-12-08'),
(1123, 'KAYA', 'OKTAY', 1, '2014-10-06'),
(1124, 'FURKAN', 'YURTLU', 1, '1984-03-23'),
(1125, 'CEPRAİL', 'SALMAN SEVER', 1, '2004-11-24'),
(1126, 'DÜNYAMİN', 'CİRİT KOÇER', 1, '1988-10-31'),
(1127, 'GÜLBEDDİN', 'SORGUN EVCİLİ', 1, '1983-09-30'),
(1128, 'MUTASİN', 'NURÇİN', 1, '1976-06-25'),
(1129, 'CEBRAYİL', 'BAŞKAN', 1, '2007-04-18'),
(1130, 'NACİ', 'KAZANCI', 1, '1963-01-13'),
(1131, 'ŞAKİR', 'KIYAK YILMAZ', 1, '1973-01-25'),
(1132, 'RASİM', 'METE', 1, '1970-10-18'),
(1133, 'SEBAHATTİN', 'UZUN', 1, '2006-08-11'),
(1134, 'NUMAN', 'SAĞDIK', 1, '1982-09-15'),
(1135, 'ALİRIZA', 'ARIKAN YORGUN', 1, '1967-11-25'),
(1136, 'İSRAFİL', 'EKİCİ', 1, '1979-11-13'),
(1137, 'SETTAR', 'TOHUMOĞLU', 1, '1974-07-11'),
(1138, 'HEBİB', 'ÇELİK', 1, '2001-10-11'),
(1139, 'ÖZAY', 'BOZARSLAN', 1, '2000-08-08'),
(1140, 'ESE', 'KÖŞKER', 1, '1980-04-04'),
(1141, 'ÖCAL', 'ÇELİK', 1, '2004-03-19'),
(1142, 'YAĞUP', 'SÜL', 1, '1965-08-15'),
(1143, 'RAGIP', 'KORKMAZ', 1, '1992-01-20'),
(1144, 'HAYDAR', 'TARKAN', 1, '2016-02-28'),
(1145, 'BEYTİ', 'DUMAN', 1, '1984-02-15'),
(1146, 'HAMIZA', 'HODJAOGLU', 1, '2018-09-22'),
(1147, 'RAŞİT', 'BALLI', 1, '1964-05-05'),
(1148, 'BEDRİ', 'ŞATIROĞLU', 1, '1966-11-11'),
(1149, 'ZÜLFİKAR', 'ÖNDE', 1, '1995-11-22'),
(1150, 'CİHAT', 'LAĞARLI', 1, '1972-04-16'),
(1151, 'ADALET', 'ÖZÇAY', 1, '1957-06-02'),
(1152, 'KORAY', 'ARSLAN', 1, '2010-02-14'),
(1153, 'BEŞİR', 'AKDEMİR', 1, '1953-05-23'),
(1154, 'SERHUN', 'İÇBAY', 1, '2002-01-16'),
(1155, 'BENAN', 'AKIN', 1, '1960-07-17'),
(1156, 'ERĞUN', 'KAYA', 1, '2002-11-03'),
(1157, 'MUKDADİR', 'PEKGÖZ', 1, '2020-09-28'),
(1158, 'HALİS', 'DEMİR', 1, '1959-04-03'),
(1159, 'SAFET', 'OLMAZ', 1, '1972-02-02'),
(1160, 'HATAMİ', 'SEVİNÇ', 1, '1990-03-04'),
(1161, 'NURDOĞAN', 'MERHAMETSİZ', 1, '1968-09-20'),
(1162, 'TUNAHAN', 'ÇOBANOĞLU', 1, '2000-01-31'),
(1163, 'GÜRKAN', 'ŞİMŞEK', 1, '1987-09-15'),
(1164, 'UYGAR', 'BİNNETOĞLU', 1, '1963-08-02'),
(1165, 'TUNAHANÇ', 'ÜNAL', 1, '1952-02-03'),
(1166, 'CELALETTİN', 'IŞIK', 1, '2001-11-04'),
(1167, 'EYİP', 'KÖKSAL', 1, '1984-01-27'),
(1168, 'ŞERAFETTİN', 'TEKİŞ', 1, '2003-05-17'),
(1169, 'ABDULCELİL', 'AKSOY', 1, '2000-02-29'),
(1170, 'ABTURAHMAN', 'BAŞYURT', 1, '1970-03-26'),
(1171, 'HALUK', 'YURDSEVEN', 1, '2008-10-04'),
(1172, 'ESABİL', 'ERDEM', 1, '1989-06-20'),
(1173, 'SIDDIK', 'MERDEN', 1, '1966-02-08'),
(1174, 'ASKERİ', 'KISA KARAKAYA', 1, '1999-03-04');
INSERT INTO `sick` (`id`, `name`, `surname`, `gender_id`, `birthday`) VALUES
(1175, 'CEBRAİL', 'SANHAL', 1, '1986-02-17'),
(1176, 'ACEM', 'ŞAHİN', 1, '2016-08-31'),
(1177, 'SEZAİ', 'VATANSEVER', 1, '2010-09-25'),
(1178, 'ALLAVİ', 'BİLGİ', 1, '2004-10-01'),
(1179, 'ONUR', 'KAYABAŞ', 1, '1993-09-18'),
(1180, 'CEVHER', 'GÜRBOSTAN', 1, '1962-01-08'),
(1181, 'NECDET', 'BOLAT', 1, '2006-06-29'),
(1182, 'ÖNER', 'KABİL KUCUR', 1, '1973-12-11'),
(1183, 'HÜSNÜ', 'DEĞİRMENCİ AKAR', 1, '1992-03-21'),
(1184, 'SERKAL', 'TAYYAR', 1, '1994-01-03'),
(1185, 'FETHİ', 'ŞAHBAZ', 1, '1968-08-31'),
(1186, 'BİNALİ', 'ÖZDAMAR', 1, '1979-06-25'),
(1187, 'HACİ', 'KARATOPRAK', 1, '2004-02-16'),
(1188, 'İBRAHİMHALİL', 'ÇAVDAR', 1, '1961-12-01'),
(1189, 'ŞAHABETTİN', 'KARA', 1, '1997-09-14'),
(1190, 'ABDULMENAV', 'ÖZ', 1, '2020-01-15'),
(1191, 'ŞÜKRÜ', 'SÖZEN', 1, '1996-05-23'),
(1192, 'TUNCER', 'GÖKÇEK', 1, '1990-03-31'),
(1193, 'VELİHAN', 'KARAKAYA', 1, '1952-03-30'),
(1194, 'BOZAN', 'GÜNGÖR', 1, '1970-04-26'),
(1195, 'İMAM', 'ÇEPNİ', 1, '2003-07-28'),
(1196, 'BEKTAŞ', 'KIR', 1, '1951-04-06'),
(1197, 'VEYSİ', 'ERSOY', 1, '1957-07-08'),
(1198, 'DURHASAN', 'ÇAĞLAR', 1, '1989-07-13'),
(1199, 'ŞEYHMUS', 'ÖZALP', 1, '1997-01-20'),
(1200, 'ZAHİR', 'EVRENOS', 1, '1998-12-06'),
(1201, 'NİMET', 'YILMAZ GELEBEK', 1, '1989-04-04'),
(1202, 'EMRULLAH', 'AKYOL', 1, '2012-10-05'),
(1203, 'BEHCET', 'ÖZAN SANHAL', 1, '1959-10-31'),
(1204, 'NAKŞİ', 'AKYILMAZ', 1, '1961-12-19'),
(1205, 'NASIR', 'BAKAN', 1, '1972-04-11'),
(1206, 'MÖMİN', 'KARAKAN', 1, '1980-08-17'),
(1207, 'CEVDET', 'GÖRKEM', 1, '1980-05-29'),
(1208, 'ASİF', 'CILIZ BASHEER', 1, '2005-12-06'),
(1209, 'ALİŞAN', 'KARACAN', 1, '1954-03-20'),
(1210, 'HABEŞ', 'TEN', 1, '1981-02-26'),
(1211, 'SÜBHİ', 'ATLANOĞLU', 1, '1967-11-18'),
(1212, 'ABDULHAKİM', 'ÖZTÜRK', 1, '1987-11-23'),
(1213, 'VEHBİ', 'TOPALOĞLU', 1, '1979-12-10'),
(1214, 'ZÜLFÜ', 'SOYDAN', 1, '1980-07-13'),
(1215, 'FETİH', 'TÜRKAY', 1, '2003-07-24'),
(1216, 'REMAZAN', 'MENTEŞ', 1, '1985-05-26'),
(1217, 'NAYİF', 'PINARBAŞILI', 1, '1991-02-07'),
(1218, 'FERMAN', 'ONAY', 1, '2016-08-25'),
(1219, 'SEDRETTİN', 'CERİT', 1, '2018-11-16'),
(1220, 'MİKAYİL', 'ÜNAL', 1, '2010-08-03'),
(1221, 'HAMDULLAH', 'ALTUN', 1, '1996-12-28'),
(1222, 'BEDERHAN', 'YILDIZ', 1, '1972-02-14'),
(1223, 'ALATTİN', 'İMAMOĞLU', 1, '1981-10-07'),
(1224, 'SEKVAN', 'KIVRAK', 1, '1957-03-14'),
(1225, 'SITKI', 'BULUT', 1, '1975-10-22'),
(1226, 'ABDULHEKİM', 'KILAVUZ', 1, '2020-05-19'),
(1227, 'SEYYAT', 'TAN', 1, '1994-02-17'),
(1228, 'ERBİL', 'CANDAN', 1, '1996-05-05'),
(1229, 'SABİR', 'EŞFER', 1, '1987-02-14'),
(1230, 'CEMALETTİN', 'KARAKULAK', 1, '2017-01-09'),
(1231, 'MAKSUT', 'BABAYİĞİT', 1, '1986-04-17'),
(1232, 'MEHMETSURUR', 'BARAN', 1, '1980-05-21'),
(1233, 'GÖKAY', 'ÖZYÖRÜK', 1, '1992-03-29'),
(1234, 'CÜMAALİ', 'DENİZ', 1, '2010-04-25'),
(1235, 'CEYHAN', 'ÖZDEN', 1, '1977-06-02'),
(1236, 'ABAZ', 'KARAPIÇAK', 1, '2003-03-19'),
(1237, 'KUTBETTİN', 'ÖZDEMİR', 1, '1997-09-08'),
(1238, 'MERT', 'SERT', 1, '1951-03-05'),
(1239, 'ABDULHEMİT', 'SAKA', 1, '1953-04-07'),
(1240, 'SAVRAN', 'YILMAZ', 1, '1970-06-05'),
(1241, 'AKAR', 'NASUHBEYOĞLU', 1, '1955-05-05'),
(1242, 'MİRZEYDİN', 'İPLİKÇİ', 1, '1959-10-17'),
(1243, 'ZAHİT', 'ÖZEK', 1, '2011-06-09'),
(1244, 'BURAK', 'KAYA', 1, '1969-04-27'),
(1245, 'SABAHETTİN', 'AYYILDIZ', 1, '1962-04-29'),
(1246, 'YILDIRIM', 'POLAT', 1, '1952-02-28'),
(1247, 'ATİLA', 'ÇELİKTEN', 1, '1952-07-23'),
(1248, 'KAAN', 'SERTOĞLU', 1, '2004-12-29'),
(1249, 'TURANDEDE', 'SARAYLI', 1, '2018-10-03'),
(1250, 'FETİM', 'SEYHAN', 1, '1958-08-09'),
(1251, 'ŞİRİN', 'DOĞAN', 1, '1970-06-21'),
(1252, 'HALEF', 'AKKAŞ', 1, '1982-09-14'),
(1253, 'ÇOŞKUN', 'DİL', 1, '2016-06-26'),
(1254, 'ORÇUN', 'GÜVEN', 1, '2014-04-03'),
(1255, 'FARİS', 'DENİZ', 1, '1978-04-13'),
(1256, 'REFA', 'BALTACI', 1, '1997-06-19'),
(1257, 'ESAF', 'ÇİÇEK', 1, '1972-03-22'),
(1258, 'ÖZDEMİR', 'SEVEN', 1, '1951-08-21'),
(1259, 'İZETTİN', 'TAN', 1, '1987-02-14'),
(1260, 'SEZGİN', 'BARAN', 1, '2012-07-15'),
(1261, 'ŞEMSİ', 'POSTALLI', 1, '1975-01-06'),
(1262, 'KAĞAN', 'BULUT', 1, '2008-06-26'),
(1263, 'KUTAN', 'ARMAĞAN', 1, '1954-12-22'),
(1264, 'KÜRŞAT', 'SOLUK', 1, '1956-10-22'),
(1265, 'VEZİR', 'BARAN', 1, '2018-05-11'),
(1266, 'KEREM', 'HOŞER', 1, '1961-11-08'),
(1267, 'LEZGİN', 'SAYIN', 1, '1966-12-11'),
(1268, 'ABDULHAK', 'TAYFUR', 1, '2016-09-07'),
(1269, 'DURMAZ', 'SABAZ', 1, '1950-06-21'),
(1270, 'MÜHYETTİN', 'AVCU', 1, '1971-04-14'),
(1271, 'MEMDUH', 'SUBARİ', 1, '2008-02-22'),
(1272, 'NAZIM', 'ÖZDEMİR', 1, '1994-12-30'),
(1273, 'RİDVAN', 'YAKUT', 1, '2003-07-18'),
(1274, 'SULEYMAN', 'YÜKSELMİŞ', 1, '2001-05-05'),
(1275, 'REMEZEN', 'ESEN', 1, '2004-02-18'),
(1276, 'DİRGEÇ', 'BAKAY', 1, '1960-05-27'),
(1277, 'ALAADDİN', 'ÇİÇEK', 1, '2014-07-15'),
(1278, 'ŞİHMUS', 'YAVUZ', 1, '2018-10-16'),
(1279, 'ŞEHMUS', 'YILDIRIM', 1, '1953-10-17'),
(1280, 'ABDÜSSELAM', 'HÜSEYNİ', 1, '1950-09-23'),
(1281, 'SÜLEYDAM', 'CAN', 2, '2012-12-16'),
(1282, 'RUKİYE', 'GÜLER', 2, '1999-06-14'),
(1283, 'SEVİM', 'CÖMERT', 2, '2001-07-30'),
(1284, 'NURSEN', 'ÖREN', 2, '1965-05-08'),
(1285, 'FİKRİYE', 'YILDIRIM', 2, '1966-04-05'),
(1286, 'ZEHRA', 'ŞENGÜLEROĞLU', 2, '2008-02-04'),
(1287, 'PERVİN', 'AKKAYA', 2, '1986-07-08'),
(1288, 'RAHMA', 'İLHAN', 2, '2003-11-02'),
(1289, 'NACİYE', 'YAYIKÇI', 2, '1985-05-16'),
(1290, 'SELMA', 'KOR', 2, '1961-08-09'),
(1291, 'AYŞEGÜL', 'ŞİRİN', 2, '1984-01-26'),
(1292, 'NİHAL', 'KURT', 2, '1982-08-23'),
(1293, 'FATİŞ', 'AKDEMİR', 2, '2020-07-23'),
(1294, 'ÜMMÜSÜN', 'YAŞAR', 2, '1972-04-04'),
(1295, 'ÜMMUHANI', 'DURUK', 2, '2016-07-06'),
(1296, 'ÜMMÜLÜ', 'ŞAHİN', 2, '1960-02-13'),
(1297, 'HASİBE', 'AVŞAR', 2, '2018-11-15'),
(1298, 'SADİYE', 'YILDIZ', 2, '2014-02-03'),
(1299, 'SIDIKA', 'YILDIZ', 2, '2020-11-11'),
(1300, 'LEYLA', 'YETKİNŞEKERCİ', 2, '2001-11-09'),
(1301, 'ŞEHNAZ', 'BAYRAM', 2, '1967-09-25'),
(1302, 'KAZİBEN', 'SOYTAŞ', 2, '1983-08-07'),
(1303, 'DURDANE', 'BOLSOY', 2, '1984-05-06'),
(1304, 'ZÜLFİYE', 'BİLİCİ', 2, '2020-01-19'),
(1305, 'ZEKİYE', 'AYDOĞAN', 2, '2004-07-20'),
(1306, 'GÜLHAN', 'ARPAT', 2, '1987-10-09'),
(1307, 'AYFER', 'ALIŞIK', 2, '1979-04-16'),
(1308, 'ARİFE', 'AKDEMİR', 2, '2007-05-03'),
(1309, 'ESME', 'ŞAHİN', 2, '2012-07-19'),
(1310, 'NESLİHAN', 'ONAT', 2, '1972-07-08'),
(1311, 'NEVİN', 'KARAARSLAN', 2, '2005-11-27'),
(1312, 'RABİA', 'GÖKTEN', 2, '1993-04-19'),
(1313, 'ŞENCAN', 'EVRAN', 2, '2004-03-21'),
(1314, 'GÜNSER', 'KARAAĞAÇ', 2, '2010-03-29'),
(1315, 'ELİFE', 'KABAKUŞ', 2, '1972-03-19'),
(1316, 'HÜLYA', 'İLGEN', 2, '1960-02-14'),
(1317, 'RABİYA', 'GÖRDÜK', 2, '1977-11-10'),
(1318, 'MÜBERRA', 'GÖKTAŞ', 2, '2014-12-20'),
(1319, 'HURİ', 'EVREN', 2, '1952-09-26'),
(1320, 'GÖNÜL', 'ERTAŞ', 2, '1984-11-22'),
(1321, 'SEVDA', 'ELDEM', 2, '1981-08-06'),
(1322, 'MELEK', 'DOĞAN', 2, '1950-12-30'),
(1323, 'NİMET', 'DİRİCAN', 2, '1987-03-13'),
(1324, 'DERYA', 'DEMİRTÜRK', 2, '1955-09-04'),
(1325, 'HALİME', 'DEMİR', 2, '2019-03-23'),
(1326, 'EBRU', 'ÇELEN', 2, '1972-09-21'),
(1327, 'ÜMMÜSÜ', 'ÇAĞLAR', 2, '1961-05-10'),
(1328, 'GÜLCAN', 'BAŞAR', 2, '2019-03-11'),
(1329, 'MEYREM', 'BAŞ', 2, '1991-05-21'),
(1330, 'DÜRDANE', 'BARÇA', 2, '1986-05-18'),
(1331, 'FATOŞ', 'BALCI', 2, '1976-05-30'),
(1332, 'MUTEBER', 'AYDOS', 2, '2019-08-04'),
(1333, 'EŞE', 'İLBAY', 2, '2004-05-18'),
(1334, 'SEMA', 'BÜYÜKBULUT', 2, '1950-09-10'),
(1335, 'GÜLSÜM', 'IŞIK', 2, '1995-05-13'),
(1336, 'EDA', 'CENGİZ', 2, '2007-09-21'),
(1337, 'SEDA', 'GÜNEŞ', 2, '1974-10-05'),
(1338, 'NERİMAN', 'GÖK', 2, '1974-06-28'),
(1339, 'ŞADİYE', 'ALTAŞ', 2, '1962-06-27'),
(1340, 'SAKİNE', 'KÖKSAL', 2, '1967-10-18'),
(1341, 'AZİZE', 'TANRİVERDİ', 2, '1994-08-27'),
(1342, 'SEVİYE', 'YILMAZ', 2, '1971-11-04'),
(1343, 'YETER', 'BERTAN', 2, '1962-02-25'),
(1344, 'SÜBEYDE', 'BAK', 2, '1960-11-18'),
(1345, 'TEVHİDE', 'IŞIK', 2, '1991-05-28'),
(1346, 'DOYDUK', 'ÖZER', 2, '2007-06-07'),
(1347, 'NURİFE', 'DEMİRCAN', 2, '2017-04-12'),
(1348, 'İTİBAR', 'ÖZAYDIN', 2, '1971-03-18'),
(1349, 'NAZAN', 'SELVİOĞLU', 2, '2001-10-15'),
(1350, 'SEVİLAY', 'BİLGİÇ', 2, '1962-12-18'),
(1351, 'GURBET', 'KOÇ', 2, '1964-06-30'),
(1352, 'UMMAHAN', 'ARSLAN', 2, '1966-12-23'),
(1353, 'MEHMET', 'BAZİKİ', 2, '1984-12-16'),
(1354, 'MÜYESSE', 'KÜÇÜKÖZKAN', 2, '1963-04-05'),
(1355, 'KADİRİYE', 'SÜRÜCÜ', 2, '1995-03-10'),
(1356, 'ŞENER', 'KUTLAR', 2, '2020-02-03'),
(1357, 'SEÇİL', 'ÇİFTCİ', 2, '1974-02-26'),
(1358, 'MENEVŞE', 'CANDEMİR', 2, '1985-04-07'),
(1359, 'MESSE', 'AYKUŞ', 2, '1970-10-30'),
(1360, 'ULVİYE', 'ÇELEBİ', 2, '1971-02-08'),
(1361, 'GÜLİSTAN', 'YILMAZ', 2, '1992-05-25'),
(1362, 'GÜNAY', 'BAŞ', 2, '1965-07-07'),
(1363, 'RAHİYA', 'YAĞLI', 2, '1977-04-26'),
(1364, 'RAKİBE', 'SELÇUK', 2, '2004-11-04'),
(1365, 'MARİYE', 'GEZİCİ', 2, '1975-08-14'),
(1366, 'SAMİYET', 'KURT', 2, '1964-03-11'),
(1367, 'BEDİYE', 'BADEM', 2, '1957-04-22'),
(1368, 'ZÜLFİNAZ', 'BERKAY', 2, '1971-02-03'),
(1369, 'NİLÜFER', 'ÖZTÜRK', 2, '1991-01-04'),
(1370, 'İCLAL', 'DÜNDAR', 2, '1993-09-30'),
(1371, 'RUŞEN', 'AKAN', 2, '1963-10-05'),
(1372, 'KARANFİL', 'SAKALLI', 2, '1990-12-19'),
(1373, 'NURDOĞAN', 'GÜL', 2, '1968-01-24'),
(1374, 'FEYFURE', 'TEVDİK', 2, '1967-05-22'),
(1375, 'SEHLİYE', 'BULUT', 2, '1990-11-22'),
(1376, 'İKRAM', 'SARIÇİÇEK', 2, '1972-11-26'),
(1377, 'PİRUZE', 'DURMAN', 2, '1968-02-23'),
(1378, 'REŞİDE', 'GÖRMÜŞ', 2, '1991-05-07'),
(1379, 'SARA', 'HAŞİMOĞLU', 2, '1980-09-05'),
(1380, 'ŞEMSE', 'KILINÇ', 2, '1973-05-12'),
(1381, 'HÜMRA', 'POLAT', 2, '1983-11-23'),
(1382, 'NADİRE', 'MENDEŞ', 2, '1960-10-30'),
(1383, 'ŞAHA', 'GÜNGÖR UZUNOĞLU', 2, '2012-12-28'),
(1384, 'SÜMEYRA', 'YAVUZ', 2, '1972-01-27'),
(1385, 'YURDAN', 'HİÇYILMAZ', 2, '1993-04-02'),
(1386, 'MERCAN', 'ARAS', 2, '1972-11-14'),
(1387, 'ESMER', 'TEKİN', 2, '1958-04-07'),
(1388, 'VEDHA', 'YEŞİLFİDAN', 2, '1982-09-30'),
(1389, 'ZİNET', 'SARAÇ', 2, '2004-02-12'),
(1390, 'ŞEHMİRAN', 'GÜVEREN', 2, '1961-08-27'),
(1391, 'HAYİÇ', 'KIVRAK', 2, '1992-07-02'),
(1392, 'MUSEVET', 'ERDAĞ', 2, '2004-03-19'),
(1393, 'HEDİBE', 'SEVEN', 2, '1954-01-18'),
(1394, 'SİTTİ', 'GÜL', 2, '2008-10-06'),
(1395, 'SİSİ', 'YILDIZ', 2, '1996-05-16'),
(1396, 'EMRİYE', 'YILMAZ', 2, '1982-04-08'),
(1397, 'MEMİHAN', 'DORUK', 2, '2003-04-24'),
(1398, 'HAMDİYE', 'DAĞLIOĞLU', 2, '2018-02-16'),
(1399, 'MİRCAN', 'KAAN', 2, '1968-06-20'),
(1400, 'SEDEN', 'MAVİ', 2, '1960-02-08'),
(1401, 'ŞENAL', 'TEZEL', 2, '1959-04-20'),
(1402, 'BEGİ', 'GENEL', 2, '2002-02-15'),
(1403, 'ŞEMSEY', 'KÖYLÜOĞLU', 2, '2017-09-15'),
(1404, 'PERİZADE', 'ERDEN', 2, '1991-02-24'),
(1405, 'NARİN', 'SEÇKİN', 2, '2004-03-17'),
(1406, 'ÜMMİYE', 'KAYLAN', 2, '2008-11-11'),
(1407, 'MEYMUNE', 'ATİK', 2, '1990-04-01'),
(1408, 'ÜMMÜĞÜLSÜM', 'ASLANER', 2, '1995-01-28'),
(1409, 'GÜNEŞE', 'EVCİ', 2, '1997-07-24'),
(1410, 'RÜZGAR', 'YÜCEL', 2, '1995-09-05'),
(1411, 'SAHURE', 'AYTAÇ', 2, '1959-12-17'),
(1412, 'HAKİBE', 'MUTLU', 2, '2019-09-21'),
(1413, 'NİDA', 'COŞGUN', 2, '2019-08-08'),
(1414, 'PAKİZE', 'SERTEL', 2, '1953-02-05'),
(1415, 'KIYMET', 'COŞKUN', 2, '1987-06-16'),
(1416, 'GÜLSENEM', 'BURAK', 2, '1989-02-25'),
(1417, 'HAYAT', 'ERDEM', 2, '1996-11-16'),
(1418, 'SELVİYE', 'CANİK', 2, '2009-11-14'),
(1419, 'SADET', 'TOZLU', 2, '2000-10-03'),
(1420, 'MÜRÜVVET', 'BİLGİN', 2, '1997-03-07'),
(1421, 'ŞİRİN', 'SANCAR', 2, '2007-10-31'),
(1422, 'FULYA', 'UYAR', 2, '1988-01-02'),
(1423, 'LEMAN', 'İRİS', 2, '2011-05-29'),
(1424, 'AFET', 'ERSOY', 2, '2018-04-28'),
(1425, 'SEHAR', 'YARDIMCI', 2, '1969-01-10'),
(1426, 'HACEL', 'SİVRİ', 2, '1960-08-25'),
(1427, 'FETİYE', 'ARSLAN', 2, '1955-09-29'),
(1428, 'HUZEYME', 'BİLGE', 2, '1960-06-28'),
(1429, 'MİNİRE', 'BÜYÜKCERAN', 2, '1991-04-02'),
(1430, 'KEZBAN', 'ARI', 2, '1984-04-21'),
(1431, 'HÜSNİYE', 'ORTA', 2, '2013-07-19'),
(1432, 'MEROL', 'AKINCI', 2, '1977-10-26'),
(1433, 'HÖCCET', 'AYDIN', 2, '2001-08-18'),
(1434, 'MÜNÜRE', 'PARASIZ', 2, '2000-08-28'),
(1435, 'DURAY', 'YÜCEL', 2, '1950-07-06'),
(1436, 'NURŞEN', 'İNCE', 2, '1978-04-01'),
(1437, 'SİNEM', 'TAŞCI', 2, '1952-05-02'),
(1438, 'FADİLE', 'ATİK', 2, '1983-09-25'),
(1439, 'NECİFE', 'DENİZ', 2, '1982-03-15'),
(1440, 'BESNA', 'ATÇEKEN', 2, '1957-05-11'),
(1441, 'REMZİYE', 'PAZIR', 2, '1975-06-27'),
(1442, 'SOLMAZ', 'AYRANCI', 2, '1968-04-11'),
(1443, 'DİLŞAH', 'ÇÖLBE', 2, '1957-12-10'),
(1444, 'ŞEMSİ', 'TOPUZ', 2, '1967-04-21'),
(1445, 'NAGİLE', 'KALA', 2, '1984-06-17'),
(1446, 'MEVLÜDE', 'YANNİ', 2, '2004-08-11'),
(1447, 'GARİBE', 'YILDIZ', 2, '1965-10-22'),
(1448, 'KUMRU', 'ÖZALP', 2, '1955-11-17'),
(1449, 'ÖRDEK', 'ADALI', 2, '1950-01-29'),
(1450, 'ESER', 'ALTUNYAPRAK', 2, '1981-01-11'),
(1451, 'ÜNİFER', 'KAŞIKÇI', 2, '2000-11-30'),
(1452, 'MÜLKİYE', 'DEMİRBAŞ', 2, '2020-03-27'),
(1453, 'SEVLİ', 'YILMAZ', 2, '1999-08-13'),
(1454, 'HACİLE', 'SEKİN', 2, '1964-03-27'),
(1455, 'TURNA', 'YÖNET', 2, '1975-11-27'),
(1456, 'GÜLÇİN', 'KÜÇÜKCERAN', 2, '1953-03-18'),
(1457, 'BESEY', 'GÜVEN', 2, '1985-06-23'),
(1458, 'AZRA', 'KÜÇÜK', 2, '2013-05-17'),
(1459, 'LATİF', 'GÖKÇEK', 2, '2001-03-10'),
(1460, 'ELVAN', 'YİĞİT', 2, '2000-01-08'),
(1461, 'ESENGÜL', 'MOLLA', 2, '1958-05-07'),
(1462, 'HANEY', 'KOÇ', 2, '1976-01-27'),
(1463, 'ADUL', 'ÇANKAYA', 2, '1950-03-16'),
(1464, 'URUKİYE', 'ÇEVİK', 2, '1973-11-20'),
(1465, 'AYKUT', 'YILDIZ', 2, '2004-07-14'),
(1466, 'MÜŞÜDE', 'İNCE', 2, '2010-11-12'),
(1467, 'İFFET', 'KASAP', 2, '1950-12-01'),
(1468, 'İMİŞ', 'YUMAK', 2, '2000-07-04'),
(1469, 'GÜLGEZ', 'ÇETİNKAYA', 2, '2012-06-09'),
(1470, 'HANIM', 'KARADAŞ', 2, '1959-12-13'),
(1471, 'ELA', 'KUTAN', 2, '1999-01-13'),
(1472, 'SÜHEYLA', 'ÖZDENOĞLU', 2, '1999-08-21'),
(1473, 'KUDRET', 'YILMAZ', 2, '1989-06-28'),
(1474, 'BESRA', 'KONUK', 2, '1988-11-29'),
(1475, 'ÇİLEM', 'TURAN', 2, '2000-12-02'),
(1476, 'HAZAL', 'AKIŞ', 2, '1951-04-20'),
(1477, 'GÜRSEL', 'KIZILMEŞE', 2, '2014-07-24'),
(1478, 'ŞEYHNAZ', 'ÇANTAY', 2, '1974-06-06'),
(1479, 'AMŞE', 'CAMCI', 2, '2003-12-14'),
(1480, 'TERFE', 'DERHEM', 2, '1979-04-25'),
(1481, 'HEDLE', 'AHÇI', 2, '2020-11-25'),
(1482, 'VADHA', 'ÖZTÜRK', 2, '1976-01-30'),
(1483, 'CÜMAZİYE', 'PEHLİVAN', 2, '2011-08-06'),
(1484, 'SEYHAN', 'TEMEL', 2, '2019-02-17'),
(1485, 'YADİGAR', 'AKGÜN', 2, '1955-01-15'),
(1486, 'İDE', 'KARAKAYA', 2, '1992-01-31'),
(1487, 'HACİRE', 'TAŞ', 2, '1980-05-11'),
(1488, 'GAZAL', 'TOYRAN', 2, '2015-02-12'),
(1489, 'FERAYİ', 'İBİŞOĞLU', 2, '1985-11-20'),
(1490, 'FEHİME', 'DURAN', 2, '1967-09-26'),
(1491, 'FİDAN', 'TEKİNSOY', 2, '1976-06-25'),
(1492, 'ALTUN', 'YAPAR', 2, '1957-04-02'),
(1493, 'KİBAR', 'TAŞ', 2, '1987-06-22'),
(1494, 'GÖZDE', 'SÖYLEMEZ', 2, '1956-07-23'),
(1495, 'RAHİM', 'AVCI', 2, '1987-05-09'),
(1496, 'ZERİ', 'ÜNLÜ', 2, '1968-08-09'),
(1497, 'NEBAHAT', 'ZENGİN', 2, '2002-09-09'),
(1498, 'HÜSNÜGÜL', 'MENEKŞE', 2, '1975-12-30'),
(1499, 'GÖGERÇİN', 'ARICI', 2, '1966-07-08'),
(1500, 'YEŞİM', 'ŞAHİN', 2, '2008-10-22'),
(1501, 'FİDAN', 'DURAN', 2, '2003-05-31');

--
-- Indexes for dumped tables
--

--
-- Indexes for table `admin`
--
ALTER TABLE `admin`
  ADD PRIMARY KEY (`id`);

--
-- Indexes for table `department`
--
ALTER TABLE `department`
  ADD PRIMARY KEY (`id`);

--
-- Indexes for table `doctor`
--
ALTER TABLE `doctor`
  ADD PRIMARY KEY (`id`),
  ADD KEY `gender_id` (`gender_id`),
  ADD KEY `department_id` (`department_id`);

--
-- Indexes for table `examination`
--
ALTER TABLE `examination`
  ADD PRIMARY KEY (`id`),
  ADD KEY `sick_id` (`sick_id`),
  ADD KEY `doctor_id` (`doctor_id`),
  ADD KEY `directed_department_id` (`directed_department_id`),
  ADD KEY `directed_doctor1` (`directed_doctor1`),
  ADD KEY `directed_doctor2` (`directed_doctor2`);

--
-- Indexes for table `gender`
--
ALTER TABLE `gender`
  ADD PRIMARY KEY (`id`);

--
-- Indexes for table `sick`
--
ALTER TABLE `sick`
  ADD PRIMARY KEY (`id`),
  ADD KEY `gender_id` (`gender_id`);

--
-- AUTO_INCREMENT for dumped tables
--

--
-- AUTO_INCREMENT for table `admin`
--
ALTER TABLE `admin`
  MODIFY `id` int(11) NOT NULL AUTO_INCREMENT, AUTO_INCREMENT=2;

--
-- AUTO_INCREMENT for table `department`
--
ALTER TABLE `department`
  MODIFY `id` int(11) NOT NULL AUTO_INCREMENT, AUTO_INCREMENT=89;

--
-- AUTO_INCREMENT for table `doctor`
--
ALTER TABLE `doctor`
  MODIFY `id` int(11) NOT NULL AUTO_INCREMENT, AUTO_INCREMENT=26;

--
-- AUTO_INCREMENT for table `examination`
--
ALTER TABLE `examination`
  MODIFY `id` int(11) NOT NULL AUTO_INCREMENT, AUTO_INCREMENT=1502;

--
-- AUTO_INCREMENT for table `gender`
--
ALTER TABLE `gender`
  MODIFY `id` int(11) NOT NULL AUTO_INCREMENT, AUTO_INCREMENT=3;

--
-- AUTO_INCREMENT for table `sick`
--
ALTER TABLE `sick`
  MODIFY `id` int(11) NOT NULL AUTO_INCREMENT, AUTO_INCREMENT=1502;

--
-- Constraints for dumped tables
--

--
-- Constraints for table `doctor`
--
ALTER TABLE `doctor`
  ADD CONSTRAINT `doctor_ibfk_1` FOREIGN KEY (`gender_id`) REFERENCES `gender` (`id`) ON DELETE CASCADE ON UPDATE CASCADE,
  ADD CONSTRAINT `doctor_ibfk_2` FOREIGN KEY (`department_id`) REFERENCES `department` (`id`) ON DELETE CASCADE ON UPDATE CASCADE;

--
-- Constraints for table `examination`
--
ALTER TABLE `examination`
  ADD CONSTRAINT `examination_ibfk_1` FOREIGN KEY (`sick_id`) REFERENCES `sick` (`id`) ON DELETE CASCADE ON UPDATE CASCADE,
  ADD CONSTRAINT `examination_ibfk_2` FOREIGN KEY (`doctor_id`) REFERENCES `doctor` (`id`) ON DELETE CASCADE ON UPDATE CASCADE,
  ADD CONSTRAINT `examination_ibfk_3` FOREIGN KEY (`directed_department_id`) REFERENCES `department` (`id`) ON DELETE CASCADE ON UPDATE CASCADE,
  ADD CONSTRAINT `examination_ibfk_4` FOREIGN KEY (`directed_doctor1`) REFERENCES `doctor` (`id`) ON DELETE CASCADE ON UPDATE CASCADE,
  ADD CONSTRAINT `examination_ibfk_5` FOREIGN KEY (`directed_doctor2`) REFERENCES `doctor` (`id`) ON DELETE CASCADE ON UPDATE CASCADE;

--
-- Constraints for table `sick`
--
ALTER TABLE `sick`
  ADD CONSTRAINT `sick_ibfk_1` FOREIGN KEY (`gender_id`) REFERENCES `gender` (`id`) ON DELETE CASCADE ON UPDATE CASCADE;
COMMIT;

/*!40101 SET CHARACTER_SET_CLIENT=@OLD_CHARACTER_SET_CLIENT */;
/*!40101 SET CHARACTER_SET_RESULTS=@OLD_CHARACTER_SET_RESULTS */;
/*!40101 SET COLLATION_CONNECTION=@OLD_COLLATION_CONNECTION */;
